position,sasa
33,155.24243481207188
34,141.43086816737178
35,50.05135547859135
36,26.6690081311928
37,40.3198692734468
38,45.13380823471448
39,21.602641865502164
40,91.00740578423824
41,30.042970880051712
42,151.27918716005166
43,130.27511118553213
44,57.70317567562028
45,91.94415350042107
46,11.11065818522719
47,2.919547194207542
48,10.510607170242109
49,0.22108673548951624
50,9.47916466353807
51,0.065673392479241
52,0.5492566117641795
53,0.41944007237541675
54,2.8358643493226574
55,10.973476838192783
56,-1.3734681591375843e-14
57,23.75927806531663
58,125.58019139966692
59,27.96784318208465
60,56.87654354426059
61,35.83802875422637
62,60.63740513934662
63,34.91885350253051
64,146.8166878285261
65,68.13239324568123
66,-3.645766007880427e-14
67,49.424666053644884
68,140.8858854421543
69,18.751667971113367
70,30.142113212389113
71,34.771719151908904
72,57.87144512117112
73,142.75928775473835
74,77.45330492789128
75,76.47681823788554
76,53.72559912855251
77,68.26637013582828
78,18.747952113881286
79,15.023601394955717
80,2.072216649866534
81,0.4120206853264568
82,73.92032159807539
83,2.419392261589124
84,25.981373533700328
85,4.177981542016641
86,0.008589122480359401
87,7.484835569605638
88,75.42485715584854
89,1.0452907403347131
90,75.89033494163422
91,22.66884518875595
92,-2.7592084704281677e-14
93,1.8849020427216487
94,38.44446952065151
95,7.661060016509106
96,22.29058962867444
97,26.508569464264415
98,22.957806762736833
99,32.093112163765596
100,79.14763080988752
101,100.32326898350415
102,51.81380756077259
103,153.9448167306403
104,34.602231912301434
105,19.962258415076995
106,5.06708013637455
107,60.186852453085336
108,96.31737269145826
109,40.525689829636555
110,40.44475994536992
111,110.71758755385858
112,60.48466650750365
113,3.1792845840663753
114,118.85306063253799
115,65.61264424639617
116,9.958172945252585
117,19.228566485003988
118,84.04632343479221
119,35.19856371505789
120,171.18278098261413
121,63.329783792023704
122,47.88706482878121
123,50.21819085291513
124,128.00697487677562
125,68.32961895637018
126,163.635158869394
127,37.41788446452154
128,120.13496275639176
129,39.68109813149301
130,96.45808068182174
131,162.82481454080968
132,26.74480911506577
133,137.10954050977043
134,24.969357012156948
135,20.31674947573269
136,0.8115690483337862
137,24.90307187757329
138,15.048677743220905
139,108.62116457083926
140,141.3824719003853
141,22.607843144721404
142,3.8368311763800795
143,0.003974443209132269
144,5.80164104149565e-14
145,0.017008558574653956
146,4.2553092126362824e-14
147,5.0265878374936035
148,78.68482400115101
149,8.610749440400628
150,0.00047881972179815365
151,0.0007156178107148527
152,16.07681419781823
153,0.20049970938961184
154,5.729606320293952
155,5.916707796257327
156,86.08841905356927
157,33.76882445722016
158,51.17952449373779
159,14.483900432693876
160,0.03281598293396942
161,3.738035787429632
162,6.220446453405944
163,-1.3734681591375843e-14
164,4.1741223002918
165,0.8374457399011366
166,0.12833684010981633
167,10.0705471327662
168,0.37153000192340163
169,7.222583201454308
170,7.564423064380538
171,70.76261317193624
172,65.73599508768375
173,91.80305948484894
174,8.022280220295162
175,10.755643774864962
176,118.17474034550979
177,84.14882590911627
178,13.48613781094067
179,16.97851127232755
180,103.92809167344421
469,162.73243763311427
470,31.71279091787637
471,22.764210073609636
472,22.31967418451643
473,17.223958656241095
474,4.026250452473365
475,77.41626243649387
476,39.31001569990642
477,48.26364249327084
478,177.4861284699618
487,173.14526604495506
488,45.770824576513014
489,50.92368801701433
490,3.028114610502309
491,51.18754183250816
492,1.7343376361291705
493,52.55311350780822
494,46.95439467943565
495,97.38395883532769
496,2.458133517692705
497,101.2156768257611
498,202.07574216738868
505,94.35860213518625
506,87.97778712262374
507,49.7251631279919
508,121.47157693988439
509,148.7136581574668
510,104.5786751137446
511,104.14743567283266
512,20.069475048954473
513,40.53501723219779
514,51.73187329127857
515,82.71348476078465
516,0.31881602304168616
517,125.88803109652991
518,4.106258657856936
519,2.9841047712314315
520,1.079357399935051
521,31.84458177104296
522,64.42669813923662
523,69.97510846678696
524,55.63346589389289
525,109.27697706637974
526,97.80442673903258
527,81.03063776239279
528,82.2853736321629
529,35.00159014027193
530,92.69595934150274
531,18.95851175287361
532,181.35537215652585
533,47.09433334368504
534,119.96519334129209
535,167.0407980106777
536,108.7841134696109
537,17.33094249061402
538,63.310180367132766
539,37.571466577913235
540,97.3187443212272
541,151.97055501594207
542,37.15545468779929
543,31.931602618458662
544,27.335653513366328
545,20.74305590273483
546,82.74821699428418
547,7.896299469631089
548,57.90328560965871
549,1.3397031040188472
550,120.5758552174969
551,41.15378689607037
552,74.16831443837923
553,93.37155088644201
554,45.01983450318113
555,0.016070115589750425
556,-8.190361705366113e-14
557,9.898570148687783
558,13.825610078639405
559,0.1089882551769483
560,3.5310966906234342
561,84.61420682898262
562,19.5699992273021
563,0.005848174055976109
564,50.63015754606647
565,85.43571779607157
566,26.59405066240621
567,12.473688353835703
568,155.14481493064113
569,68.95578050630631
570,4.266328249811673
571,39.624526998344834
572,80.41389071642715
573,47.11692224875649
574,1.2725241970573027
575,177.5240328497329
576,121.42467208131518
577,24.80033576523669
578,121.66758146244558
579,67.18021830872922
580,71.33504514175465
581,165.26268604100576
582,58.16840488001064
583,24.551469645953574
584,51.546195119029235
585,6.826235872530967
586,25.817450544699447
587,82.55104748953967
588,99.54523224483279
589,47.261996549718674
590,12.465404857842634
591,92.49658907588693
592,63.48918444099132
593,15.429690366599488
594,101.47687933505023
595,99.88811852211889
596,72.71331293121807
597,24.178901707274566
598,138.31640577477333
599,54.83508838537247
600,64.6804570237527
601,135.81636784733814
602,53.18603258291782
603,169.43629516592952
604,101.63117398770072
605,139.97933687401297
606,18.131072937461127
607,128.49895350668115
608,98.812820279666
609,21.61362071507385
610,26.06018483526094
611,100.15539781491212
612,51.025978901737616
613,25.684497832709617
614,125.56706673143171
615,103.30215566377896
616,95.24937996470192
617,46.28149672361711
618,125.57607613247771
619,64.08326416100309
620,89.9610319665247
621,69.86073597840806
622,76.54224762313962
623,86.28769144572264
624,124.56505106355397
625,100.11499180476251
626,148.65524390047997
627,133.96839218417716
628,169.40606343206244
629,229.03642028919154
