,label
4,P89T
6,A90V
17,V150A
19,S153P
22,R155A
27,K157A
29,S158K
30,F160S
34,K169E
41,G171E
42,D172G
43,D172N
51,T178K
53,N179K
55,N179S
56,S180K
63,V195I
66,E203D
71,S206N
73,S209Q
77,G211A
81,N223S
82,A232E
83,K237V
84,K237R
90,P298K
93,I388A
94,K466V
95,V526R
4,P89A
5,P89K
6,A90E
17,V150G
18,V150V
19,S153S
21,S153T
22,R155T
23,R155V
24,R155D
27,K157E
28,K157V
29,S158N
30,F160G
34,K169G
41,G171V
42,D172D
44,D172I
45,D172E
51,T178E
53,N179E
54,N179N
56,S180Q
63,V195M
66,E203E
67,E203N
71,S206K
72,S206S
73,S209E
74,S209R
75,S209L
77,G211E
81,N223N
82,A232K
83,K237M
84,K237K
90,P298M
93,I388V
94,K466I
95,V526G
0,H25A
1,V41I
2,L87P
3,L88P
7,R91G
8,S92P
9,E132K
10,P141S
11,P141L
12,P141T
13,N142D
14,N142S
15,N142Y
16,H143Y
25,G156E
26,G156R
31,K169T
32,K169Q
35,K170T
36,K170Q
37,K170N
38,K170E
46,S173L
47,P175L
48,K176N
49,K176T
50,K176E
57,S180F
58,S180V
59,V182A
60,G186V
61,G186R
62,K187R
64,S199P
65,S201N
69,Q205L
70,Q205E
76,N210D
78,A213T
79,S219T
80,S220L
85,D238G
86,G241E
87,G253E
88,G253R
89,S287T
91,N336A
92,P338A
