res_id,residue,DiscoTope-3.0_score
1,M,0.10500
2,R,0.14121
3,V,0.09903
4,M,0.09363
5,G,0.11835
6,I,0.07434
7,Q,0.11692
8,R,0.13111
9,N,0.17038
10,C,0.06894
11,Q,0.12549
12,H,0.14322
13,L,0.13334
14,F,0.10948
15,R,0.09475
16,W,0.09084
17,G,0.07229
18,T,0.09253
19,M,0.10301
20,I,0.09052
21,L,0.06347
22,G,0.06159
23,M,0.09534
24,I,0.07447
25,I,0.06747
26,I,0.07712
27,C,0.08658
28,S,0.09437
29,A,0.10143
30,A,0.07108
31,E,0.10427
32,N,0.15122
33,L,0.05762
34,W,0.05634
35,V,0.00443
36,T,0.02200
37,V,0.00735
38,Y,0.01603
39,Y,0.03246
40,G,0.00877
41,V,0.00736
42,P,0.00227
43,V,0.00997
44,W,0.02006
45,K,0.10842
46,D,0.07480
47,A,0.02286
48,E,0.08090
49,T,0.02876
50,T,0.06841
51,L,0.00349
52,F,0.01189
53,C,0.00524
54,A,0.00697
55,S,0.01178
56,D,0.16191
57,A,0.15271
58,K,0.22402
59,A,0.06327
60,Y,0.07807
61,E,0.09816
62,T,0.14452
63,E,0.16166
64,K,0.10137
65,H,0.09257
66,N,0.04485
67,V,0.01408
68,W,0.02713
69,A,0.02054
70,T,0.02163
71,H,0.09324
72,A,0.02126
73,C,0.00874
74,V,0.02820
75,P,0.08794
76,T,0.10889
77,D,0.09723
78,P,0.16123
79,N,0.11841
80,P,0.06598
81,Q,0.09170
82,E,0.07718
83,I,0.08675
84,H,0.10737
85,L,0.01214
86,E,0.12852
87,N,0.13335
88,V,0.02794
89,T,0.12708
90,E,0.01907
91,E,0.13582
92,F,0.00991
93,N,0.05484
94,M,0.00978
95,W,0.03325
96,K,0.28858
97,N,0.02280
98,N,0.08826
99,M,0.00756
100,V,0.01027
101,E,0.08339
102,Q,0.04244
103,M,0.00635
104,H,0.03165
105,T,0.03970
106,D,0.00928
107,I,0.01327
108,I,0.03729
109,S,0.02926
110,L,0.00619
111,W,0.01961
112,D,0.05325
113,Q,0.06112
114,S,0.01786
115,L,0.03144
116,K,0.15548
117,P,0.12210
118,C,0.02661
119,V,0.03993
120,K,0.11367
121,L,0.00571
122,T,0.10312
123,P,0.10339
124,L,0.00898
125,C,0.04385
126,V,0.04793
127,T,0.06774
128,L,0.00448
129,Q,0.07898
130,C,0.01636
131,T,0.13124
132,N,0.09901
133,V,0.07174
134,T,0.13120
135,N,0.19765
136,N,0.17504
137,I,0.08864
138,T,0.20411
139,D,0.25800
140,D,0.09495
141,M,0.07757
142,R,0.15176
143,G,0.04405
144,E,0.07925
145,L,0.01715
146,K,0.05791
147,N,0.04610
148,C,0.00242
149,S,0.04521
150,F,0.02285
151,N,0.09276
152,M,0.03905
153,T,0.08605
154,T,0.11192
155,E,0.21112
156,L,0.10227
157,R,0.25532
158,D,0.17591
159,K,0.16655
160,K,0.19183
161,Q,0.19801
162,K,0.17533
163,V,0.05047
164,Y,0.08415
165,S,0.00247
166,L,0.01945
167,F,0.00244
168,Y,0.01530
169,R,0.08379
170,L,0.04338
171,D,0.00937
172,V,0.01219
173,V,0.09322
174,Q,0.06257
175,I,0.14850
176,N,0.09962
177,E,0.16612
178,N,0.16911
179,Q,0.15641
180,G,0.22157
181,N,0.13438
182,R,0.24085
183,S,0.09276
184,N,0.10634
185,N,0.11588
186,S,0.11453
187,N,0.13925
188,K,0.10536
189,E,0.04922
190,Y,0.03465
191,R,0.14161
192,L,0.00650
193,I,0.13531
194,N,0.06792
195,C,0.06144
196,N,0.16493
197,T,0.19368
198,S,0.08765
199,A,0.03538
200,I,0.00886
201,T,0.03083
202,Q,0.00780
203,A,0.00372
204,C,0.05927
205,P,0.17276
206,K,0.15488
207,V,0.04746
208,S,0.08971
209,F,0.02671
210,E,0.08984
211,P,0.02733
212,I,0.10741
213,P,0.04139
214,I,0.01874
215,H,0.03856
216,Y,0.01015
217,C,0.01618
218,A,0.00578
219,P,0.00259
220,A,0.01351
221,G,0.00823
222,F,0.02509
223,A,0.00447
224,I,0.00204
225,L,0.00193
226,K,0.02448
227,C,0.00442
228,K,0.07064
229,D,0.07525
230,K,0.09868
231,K,0.11514
232,F,0.04329
233,N,0.05185
234,G,0.00512
235,T,0.07425
236,G,0.04344
237,P,0.16601
238,C,0.00488
239,P,0.23790
240,S,0.03882
241,V,0.00452
242,S,0.01267
243,T,0.05133
244,V,0.07179
245,Q,0.04904
246,C,0.01617
247,T,0.00634
248,H,0.02799
249,G,0.04734
250,I,0.00772
251,K,0.05147
252,P,0.01470
253,V,0.02806
254,V,0.04259
255,S,0.00669
256,T,0.00917
257,Q,0.00427
258,L,0.00147
259,L,0.00561
260,L,0.01113
261,N,0.02555
262,G,0.01409
263,S,0.02914
264,L,0.03605
265,A,0.01944
266,E,0.06485
267,E,0.06912
268,E,0.11302
269,V,0.00998
270,M,0.03836
271,I,0.03191
272,R,0.03299
273,S,0.03158
274,E,0.11362
275,N,0.27105
276,I,0.10984
277,T,0.27406
278,N,0.25045
279,N,0.41441
280,A,0.37925
281,K,0.22642
282,N,0.06503
283,I,0.01136
284,L,0.01219
285,V,0.00341
286,Q,0.01926
287,F,0.00109
288,N,0.02754
289,T,0.03948
290,P,0.04225
291,V,0.00711
292,Q,0.05101
293,I,0.01033
294,N,0.05837
295,C,0.01057
296,T,0.07329
297,R,0.00984
298,P,0.08283
299,N,0.03261
300,N,0.09253
301,N,0.01254
302,T,0.07654
303,R,0.07140
304,K,0.06446
305,S,0.14224
306,I,0.03710
307,R,0.18757
308,I,0.04092
309,G,0.03231
310,P,0.24097
311,G,0.10013
312,Q,0.13066
313,A,0.07247
314,F,0.00562
315,Y,0.04168
316,A,0.00210
317,T,0.02046
318,G,0.03210
319,D,0.14896
320,I,0.12701
321,I,0.23625
322,G,0.06839
323,D,0.15138
324,I,0.03689
325,R,0.17254
326,Q,0.07599
327,A,0.00760
328,H,0.14527
329,C,0.00143
330,N,0.05125
331,V,0.00453
332,S,0.03463
333,K,0.02489
334,A,0.02673
335,T,0.03221
336,W,0.00333
337,N,0.01771
338,E,0.06997
339,T,0.00814
340,L,0.00507
341,G,0.02918
342,K,0.02517
343,V,0.00134
344,V,0.00249
345,K,0.09214
346,Q,0.04557
347,L,0.00201
348,R,0.06590
349,K,0.18409
350,H,0.12921
351,F,0.06267
352,G,0.10166
353,N,0.18719
354,N,0.17851
355,T,0.07304
356,I,0.06906
357,I,0.00547
358,R,0.16626
359,F,0.00322
360,A,0.05312
361,N,0.04367
362,S,0.04009
363,S,0.37270
364,G,0.43282
365,G,0.32024
366,D,0.29808
367,L,0.08943
368,E,0.07693
369,V,0.09532
370,T,0.04559
371,T,0.03426
372,H,0.00494
373,S,0.03306
374,F,0.01097
375,N,0.02423
376,C,0.00704
377,G,0.02356
378,G,0.01882
379,E,0.01616
380,F,0.01741
381,F,0.00155
382,Y,0.02235
383,C,0.00296
384,N,0.02827
385,T,0.01020
386,S,0.05129
387,G,0.02807
388,L,0.00667
389,F,0.00465
390,N,0.04810
391,S,0.01642
392,T,0.05235
393,W,0.03771
394,I,0.08932
395,S,0.06818
396,N,0.06659
397,T,0.08323
398,S,0.05268
399,V,0.05140
400,Q,0.14829
401,G,0.11246
402,S,0.06301
403,N,0.11495
404,S,0.08872
405,T,0.07254
406,G,0.11690
407,S,0.14134
408,N,0.13999
409,D,0.10589
410,S,0.13473
411,I,0.02296
412,T,0.11547
413,L,0.00482
414,P,0.15469
415,C,0.01258
416,R,0.11400
417,I,0.01061
418,K,0.04879
419,Q,0.01180
420,I,0.00755
421,I,0.04427
422,N,0.18973
423,M,0.05654
424,W,0.06326
425,Q,0.10816
426,R,0.22666
427,I,0.25730
428,G,0.12956
429,Q,0.08687
430,A,0.01934
431,M,0.02507
432,Y,0.00642
433,A,0.00248
434,P,0.01491
435,P,0.00420
436,I,0.04226
437,Q,0.18826
438,G,0.03286
439,V,0.05620
440,I,0.02376
441,R,0.12252
442,C,0.02953
443,V,0.04301
444,S,0.01452
445,N,0.01596
446,I,0.00409
447,T,0.00830
448,G,0.00099
449,L,0.00239
450,I,0.00749
451,L,0.00273
452,T,0.19413
453,R,0.26334
454,D,0.24782
455,G,0.30031
456,G,0.23182
457,S,0.22110
458,T,0.19372
459,N,0.23362
460,S,0.16021
461,T,0.11993
462,T,0.19089
463,E,0.07352
464,T,0.13284
465,F,0.00187
466,R,0.35706
467,P,0.00766
468,G,0.04095
469,G,0.12460
470,G,0.12967
471,D,0.16151
472,M,0.06770
473,R,0.21151
474,D,0.02349
475,N,0.01101
476,W,0.01378
477,R,0.08411
478,S,0.01490
479,E,0.01776
480,L,0.00245
481,Y,0.01426
482,K,0.02368
483,Y,0.01520
484,K,0.02802
485,V,0.00821
486,V,0.00482
487,K,0.02579
488,I,0.01149
489,E,0.04945
490,P,0.00981
491,L,0.02214
492,G,0.01514
493,V,0.01419
494,A,0.00256
495,P,0.00860
496,T,0.08242
497,R,0.21598
498,A,0.09459
499,K,0.08951
500,R,0.07145
501,R,0.22082
502,V,0.18619
503,V,0.24084
504,G,0.29479
505,R,0.20240
506,E,0.17761
507,K,0.21109
508,R,0.20148
509,A,0.19849
510,V,0.19497
511,G,0.22113
512,I,0.18923
513,G,0.17309
514,A,0.10588
515,V,0.21578
516,F,0.15316
517,L,0.14479
518,G,0.06301
519,F,0.03248
520,L,0.01456
521,G,0.02097
522,A,0.01570
523,A,0.01228
524,G,0.03046
525,S,0.06842
526,T,0.05674
527,M,0.02111
528,G,0.04983
529,A,0.04615
530,A,0.00181
531,S,0.02938
532,M,0.08921
533,T,0.04177
534,L,0.01127
535,T,0.05281
536,V,0.03276
537,Q,0.03477
538,A,0.01552
539,R,0.12642
540,N,0.05436
541,L,0.02974
542,L,0.06329
543,S,0.06664
544,G,0.03021
545,I,0.05230
546,V,0.07427
547,Q,0.05689
548,Q,0.01362
549,Q,0.02887
550,S,0.05698
551,N,0.02563
552,L,0.01509
553,L,0.06996
554,R,0.17337
555,A,0.01638
556,I,0.05402
557,E,0.06930
558,A,0.08484
559,Q,0.02441
560,Q,0.21246
561,H,0.22062
562,L,0.07617
563,L,0.15504
564,K,0.12264
565,L,0.11494
566,T,0.02816
567,V,0.04068
568,W,0.01511
569,G,0.00822
570,I,0.11613
571,K,0.04227
572,Q,0.01115
573,L,0.09282
574,Q,0.05596
575,A,0.00378
576,R,0.06250
577,V,0.08107
578,L,0.04232
579,A,0.00776
580,V,0.07713
581,E,0.17489
582,R,0.04271
583,Y,0.03521
584,L,0.07470
585,R,0.06571
586,D,0.02503
587,Q,0.05430
588,Q,0.06908
589,L,0.04761
590,L,0.00661
591,G,0.06038
592,I,0.03793
593,W,0.01611
594,G,0.02704
595,C,0.00323
596,S,0.09456
597,G,0.10396
598,K,0.12316
599,L,0.09068
600,I,0.07665
601,C,0.02767
602,T,0.06030
603,T,0.03078
604,N,0.04275
605,V,0.01773
606,P,0.08499
607,W,0.02885
608,N,0.08219
609,S,0.10459
610,S,0.20523
611,W,0.04344
612,S,0.02384
613,N,0.15646
614,R,0.25922
615,N,0.29442
616,L,0.05676
617,S,0.13646
618,E,0.14319
619,I,0.01766
620,W,0.02908
621,D,0.12321
622,N,0.27430
623,M,0.06438
624,T,0.04837
625,W,0.00447
626,L,0.02179
627,Q,0.08465
628,W,0.02050
629,D,0.03115
630,K,0.08252
631,E,0.06479
632,I,0.03930
633,S,0.04223
634,N,0.12926
635,Y,0.05004
636,T,0.02960
637,Q,0.12208
638,I,0.18171
639,I,0.00693
640,Y,0.02074
641,G,0.05141
642,L,0.06025
643,L,0.00615
644,E,0.05634
645,E,0.07038
646,S,0.04180
647,Q,0.06307
648,N,0.08206
649,Q,0.11621
650,Q,0.03831
651,E,0.07073
652,K,0.04893
653,N,0.06374
654,E,0.05254
655,Q,0.08316
656,D,0.07139
657,L,0.10969
658,L,0.09565
659,A,0.04865
660,L,0.06541
661,D,0.06414
662,K,0.02780
663,W,0.07894
664,A,0.09594
665,S,0.07338
666,L,0.06416
667,W,0.09984
668,N,0.12258
669,W,0.10247
670,F,0.09803
671,D,0.11216
672,I,0.13710
673,S,0.07282
674,N,0.07317
675,W,0.06707
676,L,0.09632
677,W,0.08180
678,Y,0.09436
679,I,0.06742
680,K,0.06766
681,I,0.03546
682,F,0.05179
683,I,0.05548
684,M,0.07729
685,I,0.06107
686,V,0.03404
687,G,0.04239
688,G,0.05136
689,L,0.03787
690,I,0.03106
691,G,0.03653
692,L,0.04747
693,R,0.07032
694,I,0.03322
695,V,0.03835
696,F,0.11582
697,A,0.02666
698,V,0.04052
699,L,0.07984
700,S,0.04809
701,V,0.06225
702,I,0.07792
703,H,0.05624
704,R,0.08320
705,V,0.05777
706,R,0.12069
707,Q,0.14769
708,G,0.15058
709,Y,0.14468
710,S,0.05635
711,P,0.08922
712,L,0.06452
713,S,0.09400
714,F,0.08346
715,Q,0.09787
716,T,0.06471
717,H,0.06677
718,T,0.05103
719,P,0.08211
720,N,0.09574
721,P,0.06675
722,R,0.13264
723,G,0.10451
724,L,0.07297
725,D,0.10791
726,R,0.10125
727,P,0.09062
728,E,0.03715
729,R,0.10304
730,I,0.04876
731,E,0.03856
732,E,0.04749
733,E,0.06709
734,D,0.09063
735,G,0.10075
736,E,0.06794
737,Q,0.06486
738,D,0.09333
739,R,0.07258
740,G,0.13045
741,R,0.19116
742,S,0.10555
743,T,0.12414
744,R,0.10465
745,L,0.13704
746,V,0.06621
747,S,0.04177
748,G,0.05964
749,F,0.06182
750,L,0.11785
751,A,0.03114
752,L,0.04954
753,A,0.06957
754,W,0.04412
755,D,0.03560
756,D,0.06662
757,L,0.04926
758,R,0.05364
759,S,0.05745
760,L,0.06246
761,C,0.03176
762,L,0.03961
763,F,0.06527
764,C,0.06592
765,Y,0.04930
766,H,0.04345
767,R,0.10530
768,L,0.06183
769,R,0.07627
770,D,0.04840
771,F,0.05701
772,I,0.05434
773,L,0.08393
774,I,0.07677
775,A,0.03267
776,A,0.05218
777,R,0.14734
778,I,0.05433
779,V,0.04529
780,E,0.07757
781,L,0.14210
782,L,0.07760
783,G,0.04879
784,H,0.13589
785,S,0.06627
786,S,0.06684
787,L,0.18368
788,K,0.12499
789,G,0.06513
790,L,0.07237
791,R,0.12441
792,L,0.09985
793,G,0.04761
794,W,0.13776
795,E,0.06150
796,G,0.10404
797,L,0.08041
798,K,0.10930
799,Y,0.16289
800,L,0.05852
801,W,0.07023
802,N,0.09568
803,L,0.05525
804,L,0.07517
805,A,0.06456
806,Y,0.12458
807,W,0.13239
808,G,0.04236
809,R,0.12521
810,E,0.04967
811,L,0.08372
812,K,0.03869
813,I,0.10111
814,S,0.06637
815,A,0.03427
816,I,0.04091
817,N,0.13568
818,L,0.05362
819,F,0.05657
820,D,0.06020
821,T,0.04532
822,I,0.05435
823,A,0.05184
824,I,0.06859
825,A,0.07877
826,V,0.03971
827,A,0.04078
828,E,0.12353
829,W,0.06905
830,T,0.03543
831,D,0.08137
832,R,0.15855
833,V,0.04249
834,I,0.07459
835,E,0.06760
836,I,0.05455
837,G,0.03949
838,Q,0.06898
839,R,0.13358
840,L,0.04717
841,C,0.03452
842,R,0.10079
843,A,0.04479
844,F,0.07488
845,L,0.09151
846,H,0.10685
847,I,0.05453
848,P,0.09329
849,R,0.11653
850,R,0.23859
851,I,0.08127
852,R,0.09124
853,Q,0.06569
854,G,0.09608
855,L,0.05392
856,E,0.03382
857,R,0.17194
858,A,0.10555
859,L,0.06304
860,L,0.04901
