,entropy
0,0.007213090171018336
1,0.5389186294666298
2,0.5570579076854951
3,0.727145668695654
4,0.35507078476002735
5,0.625135999006573
6,0.6358517175831142
7,0.3395425066228455
8,0.635258117508422
9,0.7979056696206673
10,0.6603059091800209
11,0.704534559682648
12,0.2918225872204873
13,0.6102952097820047
14,0.5943164903521615
15,0.5544921676690082
16,0.49512871841935613
17,0.5510127123563092
18,0.5950356295743954
19,0.22486737714071503
20,0.11636643058211339
21,0.35608494998349777
22,0.45524830288870516
23,0.3160684347597133
24,0.5544504007121887
25,0.5218671075860831
26,0.49202370385106275
27,0.33849344704978857
28,0.24168982868175135
29,0.41398351063327044
30,0.36049899241641653
31,0.5589807059688087
32,0.6885902468526757
33,0.6595207637470872
34,0.6204921453565746
35,0.49493067494035453
36,0.5798910739412855
37,0.7464780222799966
38,0.7829517901065446
39,0.45688312905746353
40,0.5422688798433416
41,0.4045411606394264
42,0.4771423729600596
43,0.7389475990836839
44,0.5245429951024935
45,0.5889682108283398
46,0.6352514227257773
47,0.5804400442963055
48,0.5022897681517825
49,0.4755758989259605
50,0.4291675900386154
51,0.6314674990219962
52,0.686265148831731
53,0.6003562885964968
54,0.5314118788506055
55,0.7042114797360709
56,0.6344974368413966
57,0.6920735463884722
58,0.6514761948266079
59,0.6974802247242334
60,0.7536111586409135
61,0.6071639267178538
62,0.6569325754430156
63,0.6044625898442614
64,0.8470352490551236
65,0.5985807354278418
66,0.4517670831303257
67,0.699446204455451
68,0.5346206206938884
69,0.5117974024441343
70,0.8989282287344426
71,0.5426146794509148
72,0.6406466902707962
73,0.4954677672703826
74,0.715440008127254
75,0.5818584967255583
76,0.6654420293436217
77,0.5704467107510585
78,0.6888414170920303
79,0.5952825913532206
80,0.7088592581334073
81,0.6502339542125068
82,0.42370687985616945
83,0.7600232793432501
84,0.4074375550096525
85,0.7097467164195113
86,0.11827242416778791
87,0.4249065747677159
88,0.11247986428531062
89,0.4782099043220732
90,0.5430292217539117
91,0.5202296127202439
92,0.4387864315812204
93,0.8235176181312039
94,0.5694927380530552
95,0.5369310058477387
96,0.4078137537600393
97,0.49478746845338295
98,0.6729671469186752
99,0.6167416757981471
100,0.5412003847022131
101,0.5645972946575243
102,0.7494322442835448
103,0.8270182860775672
104,0.555866147769709
105,0.5146141420325966
106,0.5191750795496276
107,0.5927686619861238
108,0.41603921131483745
109,0.4604957697389488
110,0.7595674625851255
111,0.5848563830957898
112,0.6686943871865572
113,0.5470077579117143
114,0.4960569682327892
115,0.5937880606113858
116,0.6467104993145918
117,0.7686020097021684
118,0.6066753627777208
119,0.6067110858719257
120,0.5407369328249116
121,0.520866093240777
122,0.5187151307415007
123,0.4731570110946027
124,0.4524920620878693
125,0.6288906324758317
126,0.504533115329546
127,0.4814924206771169
128,0.580542765612896
129,0.7865183688406636
130,0.5704833116067234
131,0.09697878584009295
132,0.5322889158283349
133,0.11217898709540923
134,0.6508870714041252
135,0.13289975087734288
136,0.3509760787099605
137,0.10694595446997461
138,0.6389597274723883
139,0.6590568075929166
140,0.7651679180719754
141,0.5606286839567307
142,0.6667083173484458
143,0.5935741055207375
144,0.33536087318561764
145,0.5251597394042732
146,0.11990886903821531
147,0.6166713116746397
148,0.19983078663563458
149,0.6983455569515317
150,0.1189260010576662
151,0.756672567601849
152,0.15531352777068158
153,0.556981831090329
154,0.5672583430476108
155,0.42648045203251705
156,0.5695704021726378
157,0.5476204094910514
158,0.6166022616644499
159,0.6743688256348109
160,0.675044981673044
161,0.49513846259313515
162,0.5631058363356227
163,0.6842695974063002
164,0.4442616649432175
165,0.4846235712685866
166,0.6396593684153317
167,0.6890298823169384
168,0.6353226222840168
169,0.5771468086525828
170,0.5997676786209563
171,0.5884259569459954
172,0.5743350141194907
173,0.6453883119670604
174,0.578368576485055
175,0.5799059656890941
176,0.6268426326881446
177,0.6263798260927617
178,0.6266743279037731
179,0.5502860273215302
180,0.14955926548386392
181,0.6898496627573657
182,0.25062785818293976
183,0.20316931414584732
184,0.51296236994074
185,0.26426550382367114
186,0.6120183987923894
187,0.5226755121414792
188,0.6275646368207543
189,0.6107141624388436
190,0.5392470611995618
191,0.38467117461017036
192,0.4800096736019295
193,0.6348535213247577
194,0.7375771141861797
195,0.19228565918732354
196,0.4699114368026745
197,0.21983908879097416
198,0.6657754192500923
199,0.5165127057996453
200,0.5090670467798941
201,0.622370427681817
202,0.6604996472019958
203,0.5474122907012637
204,0.5127987204684901
205,0.6631445832992162
206,0.48642145220480604
207,0.488767860275907
208,0.657885924566374
209,0.6776145954389716
210,0.5992458824864509
211,0.3342830344620197
212,0.4384715956123931
213,0.37159294507478374
214,0.6758306201946029
215,0.4848590019453453
216,0.7047921138706618
217,0.5345454646868119
218,0.532619788978372
219,0.5299595986885355
220,0.19493177714025575
221,0.5834785678447673
222,0.4525988561877348
223,0.39424838487479746
224,0.355466272723943
225,0.5704892124098324
226,0.6814318367213462
227,0.4516512819555511
228,0.48138330493304377
229,0.46454463420968095
230,0.5646971332918614
231,0.7047493493676198
232,0.15254753261485923
233,0.6076078428255568
234,0.10383552791554143
235,0.6165483599191811
236,0.6446000352332923
237,0.4826800961537187
238,0.4834498187742208
239,0.5111356003823162
240,0.6033446789401204
241,0.43289957240851457
242,0.48842334408955024
243,0.49824541979067566
244,0.5794586172342638
245,0.6060206449481161
246,0.4572015876892628
247,0.8401340672855068
248,0.521327388744968
249,0.6066267894911219
250,0.5970877650880496
251,0.5583312889026416
252,0.5481419823870582
253,0.5658874402773253
254,0.5215467198196883
255,0.5584070698305516
256,0.6750408862661929
257,0.371777485722299
258,0.3674429259778016
259,0.4434408804596889
260,0.12070303692125377
261,0.4236753663410674
262,0.16524550242836752
263,0.4198404149970396
264,0.6871411124604603
265,0.5865428584268108
266,0.6000128510038186
267,0.5155592195805424
268,0.4297100728129151
269,0.8067479530262958
270,0.5172598934751773
271,0.6451021147336039
272,0.6870661854251859
273,0.6501495174800789
274,0.11592254576851631
275,0.397017839355516
276,0.13730000349934812
277,0.6418908150652659
278,0.5378853606126565
279,0.7291176368250998
280,0.6216926186416722
281,0.5375785737645298
282,0.3738835485829888
283,0.532131062418524
284,0.501633946910517
285,0.6059955207414369
286,0.6813441230864514
287,0.3957161400634559
288,0.4783255639601788
289,0.4850019868023235
290,0.4040586251157032
291,0.6824695781897815
292,0.3636203049393699
293,0.09288029698745304
294,0.597315482063781
295,0.13959074794894202
296,0.7070588578194011
297,0.6915947905745241
298,0.5700708950392642
299,0.11175670390661493
300,0.5292133122396518
301,0.13962146476653753
302,0.7132808850944055
303,0.7012824299376531
304,0.6472610796748733
305,0.3470794914831699
306,0.6201055013328641
307,0.38177990647090515
308,0.604375179545834
309,0.5935177694471314
310,0.47014700075344246
311,0.6977483856293221
312,0.6010861379208099
313,0.5587906780681646
314,0.6019642099348511
315,0.5837616487160452
316,0.4464959901999166
317,0.48508730827573465
318,0.5368229252288449
319,0.3864818145764055
320,0.5029136620628292
321,0.5182942273126337
322,0.6443482294226595
323,0.33183150271839307
324,0.6194692959102756
325,0.6357083702255424
326,0.5603051400230868
327,0.8264004415415279
328,0.7202567791971393
329,0.10477496838727414
330,0.4854129480941045
331,0.22255340993284714
332,0.6141863105464532
333,0.5634047714100409
334,0.5637345699027414
335,0.6591102626932538
336,0.10232398312217243
337,0.506205224801535
338,0.11513773639710803
339,0.4362143744613116
340,0.5354664695183938
341,0.48578520561265803
342,0.4165123942829139
343,0.47082642709493694
344,0.5294541982206508
345,0.6271403704855544
346,0.3143920715793062
347,0.5421628371181081
348,0.5294069079318641
349,0.7872919260136961
350,0.5593874378926242
351,0.40228485173314216
352,0.06262880306593578
353,0.511203393121575
354,0.12257301236293626
355,0.46955588851226565
356,0.31870034887350374
357,0.6102204166749
358,0.6122396045074691
359,0.6809645322572043
360,0.08333489249874516
361,0.42848051005889803
362,0.12426877481280042
363,0.5122196572170373
364,0.560046900569924
365,0.6867401868581631
366,0.4128553343119141
367,0.5403480955677958
368,0.46362492672818395
369,0.4586856415959478
370,0.6021130494351722
371,0.8372361482976871
372,0.4497951743705654
373,0.5402402726077098
374,0.39810697964830505
375,0.6025136039587358
376,0.44689872851655593
377,0.40495376485525686
378,0.6213349174140217
379,0.7525670399516695
380,0.5987554156471399
381,0.6775219186809122
382,0.7644213018692316
383,0.07190307964167679
384,0.42785459300935724
385,0.1347634053108166
386,0.5647110390775965
387,0.49923221095256937
388,0.697003729997446
389,0.0425833195191104
390,0.4388749171246153
391,0.10400391840467803
392,0.7207067194235759
393,0.5294803159102514
394,0.4589108157800049
395,0.0740725205706659
396,0.39124275127430025
397,0.1692374274364758
398,0.5578339797795251
399,0.6631926311103935
400,0.5203437674774617
401,0.408938331832921
402,0.07618383631647019
403,0.3349902770777844
404,0.12369557823483966
405,0.48792557392668756
406,0.322034721421238
407,0.136133248165561
408,0.6912497203659205
409,0.24290040020682283
410,0.4241436082998251
411,0.3730573110333284
412,0.3444851887040301
413,0.5741164447392046
414,0.8058004471907267
415,0.6394837158584014
416,0.5217405288338335
417,0.589545840378521
418,0.627670555551414
419,0.5691867817059787
420,0.5334260939894345
421,0.4348756413968146
422,0.8342402369238416
423,0.6499565114922313
424,0.6103243696869124
425,0.6639352432341306
426,0.5571385777541101
427,0.5192616932990859
428,0.691915477842566
429,0.5708903168057354
430,0.8469359814472198
431,0.6409488103813513
432,0.6073689635880172
433,0.6132363775697053
434,0.5416077337140056
435,0.5612853686523911
436,0.6113515162754424
437,0.3886174599657066
438,0.5680724484700141
439,0.419073555509568
440,0.5639514859849449
441,0.8154827628338678
442,0.5715351746204886
443,0.49702262269486
444,0.10553540391738898
445,0.5884935030845668
446,0.1493505756124054
447,0.4162137194556712
448,0.5250052334975245
449,0.5482300054794957
450,0.4428847195071102
451,0.47811289336565377
452,0.6380819992365487
453,0.6863857390218686
454,0.5268246651209945
455,0.5365405391054892
456,0.4226399413322779
457,0.5703863620185732
458,0.14728343517456555
459,0.4253649610966876
460,0.16291403489439465
461,0.5314705450900652
462,0.7504246517970383
463,0.5112073876429272
464,0.7655922674565802
465,0.6278132981303042
466,0.6554862459124168
467,0.503593535846588
468,0.5198626598006774
469,0.46408062348265655
470,0.647286434060364
471,0.894436515595583
472,0.6158928413290524
473,0.6144552796547975
474,0.7281721098585165
475,0.7657648045314619
476,0.6265716213164363
477,0.5935779432455629
478,0.615490749831629
479,0.5167819012919824
480,0.8011424995318082
481,0.4471955325086603
482,0.6431614471186486
483,0.5429423122896969
484,0.4220764203096609
485,0.36828821643384213
486,0.5475439061084703
487,0.45559683620300623
488,0.7098890844297471
489,0.31833245332900695
490,0.3238585904261095
491,0.7573474342304097
492,0.41152387354600534
493,0.6358647197385061
494,0.5323592408449982
495,0.5578130857175965
496,0.4996142347510492
497,0.6116039589976218
498,0.5616183246124687
499,0.4164091633433176
500,0.46449335839057715
501,0.4730866349521619
502,0.6094326561728851
503,0.3151942658485183
504,0.029338162916024414
505,0.35735040270452995
506,0.05571328386157004
507,0.02484876557058003
508,0.23192070575784826
509,0.27707975970897797
510,0.05672726956406461
511,0.1451511043411299
512,0.28641562019329475
513,0.09574970654478542
514,0.28123565231857595
515,0.5763658251140765
516,0.27381801500344033
517,0.0955713258249628
518,0.6285470015805854
519,0.08605483857099848
520,0.037064043264563855
521,0.15362769617704863
522,0.18379504440554734
523,0.18025196027608456
524,0.4419450022086306
525,0.4375671976560695
526,0.5287585345973727
527,0.06281053423290173
528,0.08081827498041787
529,0.14166984752697348
530,0.14140864695147226
531,0.40821335145083804
532,0.3787924420488436
533,0.5542601282246014
534,0.5571291519656996
535,0.26763200814128224
536,0.11957025662693137
537,0.5970951718418781
538,0.3190421948179992
539,0.3092816383859163
540,0.4708240531592284
541,0.12442292126232482
542,0.4442152728289167
543,0.3240416427333364
544,0.2369566076263451
545,0.5354519695874992
546,0.3477530269038418
547,0.31905491427130894
548,0.09559962190595307
549,0.43272271656284983
550,0.5045625588836434
551,0.24224469653315878
552,0.3915644254826602
553,0.3909016283931581
554,0.16065804812715118
555,0.20384947885904944
556,0.22004133748604726
557,0.36677879747266673
558,0.06344110228896377
559,0.3016802811952637
560,0.6823688179386875
561,0.24766989659877
562,0.45753825079530064
563,0.4634787149374975
564,0.3071115731831292
565,0.12182226443441359
566,0.4448382966924446
567,0.8244003167264639
568,0.15376980245784863
569,0.1924095191843431
570,0.2807816201206588
571,0.6432632169177751
572,0.12956590262281661
573,0.301302826238558
574,0.4793927594192612
575,0.03522758022558339
576,0.0704138742334756
577,0.39578686147180764
578,0.1501931954016872
579,0.16186853470169368
580,0.01136398923104506
581,0.3106883648719558
582,0.5578217172499476
583,0.12510267752813645
584,0.31448661705302483
585,0.782964676618697
586,0.3054330117148181
587,0.29119886884559276
588,0.4694145432380093
589,0.25973255938958406
590,0.19531034505339778
591,0.4011531132417387
592,0.7858584934450792
593,0.16657010985388285
594,0.358887241315256
595,0.4139172248974482
596,0.3203554521519202
597,0.5057792225312139
598,0.5762887007850842
599,0.22530476485016823
600,0.0017948642849089068
601,0.6091652360976341
602,0.029480111175689192
603,0.7054083250522356
604,0.13657509578116137
605,0.16183719618977108
606,0.27528774890381497
607,0.02433793579692194
608,0.47596090104537764
609,0.10234757842108258
610,0.4721822545886511
611,0.7361306138673394
612,0.6315926835140152
613,0.4362792610214369
614,0.3140858113521896
615,0.26838795287376094
616,0.1735535605298961
617,0.31687597475383894
618,0.3359587868118752
619,0.5080069818348082
620,0.5301062931526093
621,0.03849485717547804
622,0.8065478835483639
623,0.08024294274146274
624,0.8229744791404339
625,0.6645417115315099
626,0.336743449815693
627,0.3364134829645072
628,0.25465521394211915
629,0.35573708787936165
630,0.23692959180972537
631,0.20658946375364906
632,0.4084622364162731
633,0.0721983540889091
634,0.6059196787870004
635,0.13299778249972172
636,0.3257965363502458
637,0.5680344258911205
638,0.08934545040960036
639,0.647639151434438
640,0.48265174374443376
641,0.24096602874376694
642,0.119261794318711
643,0.22280202718095743
644,0.16976904775342216
645,0.6262319374636913
646,0.3586802883249336
647,0.6065600831853705
648,0.324409710889659
649,0.5467037781200885
650,0.36556826248460417
651,0.2446575535639735
652,0.7589717227664945
653,0.47172581755899634
654,0.30581742061183287
655,0.4507592542974098
656,0.21138843841468183
657,0.5832755769645394
658,0.5747392168703579
659,0.34608365142467074
660,0.3804791766426615
661,0.6341104526290406
662,0.53659453759202
663,0.6813998704724525
664,0.2619389929845458
665,0.2689867172847831
666,0.5075310368292608
667,0.2956417826205967
668,0.330081814941176
669,0.3034388999816826
670,0.2439521982151782
671,0.36571453134606424
672,0.23382452653635574
673,0.45214782557341066
674,0.32540093670126113
675,0.33286013878800963
676,0.7845968102844855
677,0.36120253406831904
678,0.25900180788702115
679,0.28236970667922956
680,0.18356487453693418
681,0.4719059499683355
682,0.4114870629718056
683,0.6879711063580031
684,0.12390778443918642
685,0.23336287299350206
686,0.4569176535672588
687,0.3123531154307184
688,0.10590284337426077
689,0.1852570830238419
690,0.4111881404861745
691,0.07469653915587611
692,0.8107904324975382
693,0.19564987197186323
694,0.31812321082572176
695,0.5051640359599459
696,0.5646169244547768
697,0.19392297461605668
698,0.18941079480051884
699,0.5086509121822945
700,0.5351275061885411
701,0.22142664794874606
702,0.7018039115599968
703,0.2579149054078903
704,0.42929818745205495
705,0.15566636087756924
706,0.43640934976148615
707,0.09743554023346773
708,0.5808904198817112
709,0.4586148132798411
710,0.4127967790583945
711,0.3230409332507193
712,0.6228445770855039
713,0.4936262383802074
714,0.7174726236123541
715,0.5603284840554081
716,0.7203380760767585
717,0.55924023535346
718,0.46503846521908443
719,0.7550162470536408
720,0.47892506828581777
721,0.35136794463334226
722,0.5825672193008161
723,0.6348135516283966
724,0.7189105647569669
725,0.3770528747108421
726,0.6348851759175304
727,0.525213703026033
728,0.5229168270141987
729,0.7281729317262108
730,0.2850481662456857
731,0.25147554682055834
732,0.22800843588378836
733,0.4315337467149826
734,0.5083759705250267
735,0.34142178908729653
736,0.5831413254950187
737,0.5751741835351438
738,0.3479043788477037
739,0.42542664028874205
740,0.3297667259773647
741,0.6228629126921943
742,0.6263683249114961
743,0.40133125934061076
744,0.5438872102350322
745,0.343890838101413
746,0.5606839441116731
747,0.4063731107533064
748,0.4871412321963224
749,0.1788433632133421
750,0.5353471054693312
751,0.6443221139440981
752,0.42825494488221777
753,0.1943280443755299
754,0.48532686147232046
755,0.8670878176271638
756,0.12155685182194804
757,0.26850684872793257
758,0.37774248805559996
759,0.17243195786446774
760,0.5854909960801737
761,0.3352818037757026
762,0.49010784863534396
763,0.6149308809640185
764,0.3778741603177133
765,0.4304917308135298
766,0.6804753359779085
767,0.16987233226218845
768,0.1521464863586532
769,0.3173202197767372
770,0.48251586771329
771,0.5153654887275155
772,0.3813677941053236
773,0.7042781709756397
774,0.4965778199916411
775,0.5775052070507916
776,0.3310760827183944
777,0.579804197411158
778,0.3223604741581416
779,0.7449080794553307
780,0.5819274947587629
781,0.16734341596200647
782,0.5295920420726533
783,0.6972951586994851
784,0.6722918505939286
785,0.6138527459161959
786,0.2535674877389165
787,0.5981233869052155
788,0.4708439920085517
789,0.08981346083269584
790,0.22829841720822494
791,0.3078826649465087
792,0.5011657947355076
793,0.14953299451906218
794,0.3462261410450754
795,0.23676398666101392
796,0.11332915090785124
797,0.27306516750366516
798,0.5868424893422222
799,0.16705903068636943
800,0.43076503612058625
801,0.43050593222828953
802,0.469341872140661
803,0.17151239718819547
804,0.49816394933795655
805,0.7238982798517555
806,0.5800624727629698
807,0.28750231514066077
808,0.29078419071957096
809,0.5905771783157077
810,0.14705640299612718
811,0.7614277886557062
812,0.6396560885504744
813,0.4957019408152407
814,0.36014533330960635
815,0.5902203707818751
816,0.4165780981807986
817,0.25986690442563687
818,0.6444969374387379
819,0.6160425877975133
820,0.5558148511390548
821,0.28229348443816893
822,0.4875209876961567
823,0.6919801084924446
824,0.5103591278047761
825,0.2821355307607782
826,0.47761624077045106
827,0.46956257452290057
828,0.7527665075982394
829,0.5967495113604756
830,0.4328987381945537
831,0.3854830686007793
832,0.30258598251666563
833,0.45204165548108655
834,0.42240961065684035
835,0.5660192546510864
836,0.3662184166820719
837,0.5137422215934669
838,0.2917717427050065
839,0.2415952694514835
840,0.8472835522006056
841,0.308669279976897
842,0.42231662891174104
843,0.47232554799894033
844,0.29660823064167463
845,0.7556658530808872
846,0.20913525259609408
847,0.38405605450303487
848,0.2473553622857043
849,0.29089437754664965
850,0.15743711673376282
851,0.4580131094769845
852,0.44770878802072583
853,0.3488682730801285
854,0.1602802656248594
855,0.6549788271875168
856,0.3113879853615042
857,0.46664319362848383
858,0.39195255921698957
859,0.5447301617567971
