pdb,chain,res_id,residue,DiscoTope-3.0_score,calibrated_score,epitope,rsa,pLDDTs,length,alphafold_struc_flag
file_A,A,1,M,0.05366,0.15207,False,1.30309,100,856,0
file_A,A,2,R,0.09558,1.28530,False,0.96284,100,856,0
file_A,A,3,V,0.04301,-0.13583,False,0.91790,100,856,0
file_A,A,4,K,0.08191,0.91576,False,0.99341,100,856,0
file_A,A,5,E,0.07301,0.67516,False,0.79545,100,856,0
file_A,A,6,K,0.07884,0.83277,False,0.87692,100,856,0
file_A,A,7,Y,0.06281,0.39942,False,0.70908,100,856,0
file_A,A,8,Q,0.05298,0.13369,False,0.74919,100,856,0
file_A,A,9,H,0.05783,0.26480,False,0.78459,100,856,0
file_A,A,10,L,0.03598,-0.32588,False,0.73765,100,856,0
file_A,A,11,W,0.04567,-0.06392,False,0.78558,100,856,0
file_A,A,12,R,0.06994,0.59217,False,0.78877,100,856,0
file_A,A,13,W,0.03999,-0.21747,False,0.74277,100,856,0
file_A,A,14,G,0.02831,-0.53322,False,0.54118,100,856,0
file_A,A,15,W,0.02727,-0.56133,False,0.72266,100,856,0
file_A,A,16,R,0.06829,0.54757,False,0.76091,100,856,0
file_A,A,17,W,0.05842,0.28075,False,0.64728,100,856,0
file_A,A,18,G,0.04125,-0.18341,False,0.29758,100,856,0
file_A,A,19,T,0.04445,-0.09690,False,0.42931,100,856,0
file_A,A,20,M,0.09146,1.17393,False,0.75131,100,856,0
file_A,A,21,L,0.02744,-0.55674,False,0.52099,100,856,0
file_A,A,22,L,0.03251,-0.41968,False,0.67277,100,856,0
file_A,A,23,G,0.02768,-0.55025,False,0.30421,100,856,0
file_A,A,24,M,0.04347,-0.12340,False,0.56173,100,856,0
file_A,A,25,L,0.02322,-0.67082,False,0.70491,100,856,0
file_A,A,26,M,0.05085,0.07611,False,0.81096,100,856,0
file_A,A,27,I,0.08913,1.11094,False,0.79848,100,856,0
file_A,A,28,C,0.04973,0.04583,False,0.74071,100,856,0
file_A,A,29,S,0.07400,0.70193,False,0.61901,100,856,0
file_A,A,30,A,0.07513,0.73247,False,0.72459,100,856,0
file_A,A,31,T,0.05603,0.21614,False,0.77488,100,856,0
file_A,A,32,E,0.07404,0.70301,False,0.59285,100,856,0
file_A,A,33,K,0.07331,0.68327,False,0.70334,100,856,0
file_A,A,34,L,0.04878,0.02015,False,0.23197,100,856,0
file_A,A,35,W,0.03601,-0.32506,False,0.16426,100,856,0
file_A,A,36,V,0.00145,-1.25933,False,0.00000,100,856,0
file_A,A,37,T,0.00745,-1.09713,False,0.00286,100,856,0
file_A,A,38,V,0.00411,-1.18742,False,0.00828,100,856,0
file_A,A,39,Y,0.01744,-0.82707,False,0.06663,100,856,0
file_A,A,40,Y,0.05720,0.24777,False,0.20529,100,856,0
file_A,A,41,G,0.01437,-0.91006,False,0.12478,100,856,0
file_A,A,42,V,0.00607,-1.13444,False,0.02884,100,856,0
file_A,A,43,P,0.00176,-1.25095,False,0.00298,100,856,0
file_A,A,44,V,0.00834,-1.07307,False,0.01523,100,856,0
file_A,A,45,W,0.01684,-0.84329,False,0.03541,100,856,0
file_A,A,46,K,0.04272,-0.14367,False,0.31495,100,856,0
file_A,A,47,E,0.06101,0.35077,False,0.60986,100,856,0
file_A,A,48,A,0.02741,-0.55755,False,0.26666,100,856,0
file_A,A,49,T,0.05045,0.06529,False,0.72165,100,856,0
file_A,A,50,T,0.02093,-0.73272,False,0.12564,100,856,0
file_A,A,51,T,0.03025,-0.48078,False,0.29596,100,856,0
file_A,A,52,L,0.00955,-1.04036,False,0.03624,100,856,0
file_A,A,53,F,0.04364,-0.11880,False,0.19129,100,856,0
file_A,A,54,C,0.01479,-0.89871,False,0.05684,100,856,0
file_A,A,55,A,0.01080,-1.00657,False,0.02551,100,856,0
file_A,A,56,S,0.02550,-0.60918,False,0.05227,100,856,0
file_A,A,57,D,0.11903,1.91923,True,0.53584,100,856,0
file_A,A,58,A,0.01634,-0.85681,False,0.15151,100,856,0
file_A,A,59,K,0.11180,1.72378,True,0.49981,100,856,0
file_A,A,60,A,0.12400,2.05358,True,0.63746,100,856,0
file_A,A,61,Y,0.16787,3.23953,True,0.75707,100,856,0
file_A,A,62,D,0.08701,1.05363,False,0.25587,100,856,0
file_A,A,63,T,0.12107,1.97438,True,0.90621,100,856,0
file_A,A,64,E,0.07877,0.83087,False,0.17506,100,856,0
file_A,A,65,V,0.03071,-0.46834,False,0.42549,100,856,0
file_A,A,66,H,0.00725,-1.10254,False,0.00546,100,856,0
file_A,A,67,N,0.05422,0.16721,False,0.09353,100,856,0
file_A,A,68,V,0.04774,-0.00796,False,0.40463,100,856,0
file_A,A,69,W,0.04690,-0.03067,False,0.20536,100,856,0
file_A,A,70,A,0.00433,-1.18147,False,0.00760,100,856,0
file_A,A,71,T,0.02623,-0.58945,False,0.24525,100,856,0
file_A,A,72,H,0.15802,2.97325,True,0.54215,100,856,0
file_A,A,73,A,0.02071,-0.73867,False,0.04336,100,856,0
file_A,A,74,C,0.04007,-0.21531,False,0.09677,100,856,0
file_A,A,75,V,0.02156,-0.71569,False,0.20550,100,856,0
file_A,A,76,P,0.08964,1.12472,False,0.77325,100,856,0
file_A,A,77,T,0.10972,1.66755,True,0.22283,100,856,0
file_A,A,78,D,0.11346,1.76865,True,0.43975,100,856,0
file_A,A,79,P,0.14789,2.69941,True,0.85976,100,856,0
file_A,A,80,N,0.10421,1.51860,True,0.70069,100,856,0
file_A,A,81,P,0.05218,0.11206,False,0.68190,100,856,0
file_A,A,82,Q,0.08745,1.06552,False,0.51882,100,856,0
file_A,A,83,E,0.05570,0.20722,False,0.40200,100,856,0
file_A,A,84,V,0.04486,-0.08582,False,0.31704,100,856,0
file_A,A,85,V,0.06371,0.42375,False,0.57228,100,856,0
file_A,A,86,L,0.00917,-1.05063,False,0.01158,100,856,0
file_A,A,87,V,0.10762,1.61078,True,0.71472,100,856,0
file_A,A,88,N,0.13046,2.22822,True,0.81230,100,856,0
file_A,A,89,V,0.03139,-0.44996,False,0.08093,100,856,0
file_A,A,90,T,0.08354,0.95982,False,0.54880,100,856,0
file_A,A,91,E,0.01028,-1.02063,False,0.07741,100,856,0
file_A,A,92,N,0.08921,1.11310,False,0.60460,100,856,0
file_A,A,93,F,0.00738,-1.09902,False,0.02089,100,856,0
file_A,A,94,N,0.02894,-0.51619,False,0.39754,100,856,0
file_A,A,95,M,0.01099,-1.00143,False,0.01833,100,856,0
file_A,A,96,W,0.03970,-0.22531,False,0.23111,100,856,0
file_A,A,97,K,0.17276,3.37172,True,0.80733,100,856,0
file_A,A,98,N,0.02564,-0.60540,False,0.11129,100,856,0
file_A,A,99,D,0.04310,-0.13340,False,0.32098,100,856,0
file_A,A,100,M,0.00509,-1.16093,False,0.02499,100,856,0
file_A,A,101,V,0.00578,-1.14228,False,0.02190,100,856,0
file_A,A,102,E,0.06109,0.35293,False,0.38204,100,856,0
file_A,A,103,Q,0.02573,-0.60296,False,0.09339,100,856,0
file_A,A,104,M,0.00123,-1.26528,False,0.00072,100,856,0
file_A,A,105,H,0.03041,-0.47645,False,0.18043,100,856,0
file_A,A,106,E,0.07556,0.74410,False,0.53646,100,856,0
file_A,A,107,D,0.04923,0.03231,False,0.09029,100,856,0
file_A,A,108,I,0.00432,-1.18175,False,0.00960,100,856,0
file_A,A,109,I,0.02580,-0.60107,False,0.14799,100,856,0
file_A,A,110,S,0.05096,0.07908,False,0.34058,100,856,0
file_A,A,111,L,0.00906,-1.05361,False,0.02308,100,856,0
file_A,A,112,W,0.00506,-1.16174,False,0.02156,100,856,0
file_A,A,113,D,0.02313,-0.67325,False,0.21644,100,856,0
file_A,A,114,Q,0.05735,0.25182,False,0.36494,100,856,0
file_A,A,115,S,0.00299,-1.21770,False,0.00499,100,856,0
file_A,A,116,L,0.02004,-0.75678,False,0.07584,100,856,0
file_A,A,117,K,0.07181,0.64272,False,0.42333,100,856,0
file_A,A,118,P,0.09424,1.24908,False,0.75870,100,856,0
file_A,A,119,C,0.03113,-0.45699,False,0.22792,100,856,0
file_A,A,120,V,0.07110,0.62353,False,0.52364,100,856,0
file_A,A,121,K,0.08658,1.04200,False,0.66148,100,856,0
file_A,A,122,L,0.02775,-0.54836,False,0.11785,100,856,0
file_A,A,123,T,0.06766,0.53054,False,0.65718,100,856,0
file_A,A,124,P,0.14876,2.72293,True,0.65223,100,856,0
file_A,A,125,L,0.02840,-0.53079,False,0.06935,100,856,0
file_A,A,126,C,0.05125,0.08692,False,0.48852,100,856,0
file_A,A,127,V,0.05266,0.12504,False,0.36209,100,856,0
file_A,A,128,S,0.08885,1.10337,False,0.51146,100,856,0
file_A,A,129,L,0.01252,-0.96007,False,0.01978,100,856,0
file_A,A,130,K,0.08090,0.88845,False,0.69343,100,856,0
file_A,A,131,C,0.01055,-1.01333,False,0.01306,100,856,0
file_A,A,132,T,0.08806,1.08201,False,0.59482,100,856,0
file_A,A,133,D,0.07547,0.74166,False,0.44156,100,856,0
file_A,A,134,L,0.08933,1.11634,False,0.22495,100,856,0
file_A,A,135,K,0.07159,0.63678,False,0.90418,100,856,0
file_A,A,136,N,0.06882,0.56189,False,0.57682,100,856,0
file_A,A,137,D,0.10023,1.41101,False,0.85650,100,856,0
file_A,A,138,T,0.08614,1.03011,False,0.70391,100,856,0
file_A,A,139,N,0.11312,1.75946,True,1.04468,100,856,0
file_A,A,140,T,0.07342,0.68625,False,0.81197,100,856,0
file_A,A,141,N,0.15125,2.79024,True,0.91987,100,856,0
file_A,A,142,S,0.15681,2.94054,True,0.80997,100,856,0
file_A,A,143,S,0.09688,1.32044,False,0.82587,100,856,0
file_A,A,144,S,0.05116,0.08449,False,0.82759,100,856,0
file_A,A,145,G,0.08564,1.01659,False,0.99146,100,856,0
file_A,A,146,R,0.09983,1.40019,False,0.86653,100,856,0
file_A,A,147,M,0.07129,0.62867,False,0.60735,100,856,0
file_A,A,148,I,0.08342,0.95658,False,0.93649,100,856,0
file_A,A,149,M,0.04118,-0.18530,False,0.16563,100,856,0
file_A,A,150,E,0.06642,0.49701,False,0.66232,100,856,0
file_A,A,151,K,0.06175,0.37077,False,1.05541,100,856,0
file_A,A,152,G,0.04788,-0.00418,False,0.12666,100,856,0
file_A,A,153,E,0.04704,-0.02689,False,0.13049,100,856,0
file_A,A,154,I,0.00984,-1.03252,False,0.09185,100,856,0
file_A,A,155,K,0.03178,-0.43941,False,0.08692,100,856,0
file_A,A,156,N,0.04573,-0.06230,False,0.31625,100,856,0
file_A,A,157,C,0.00297,-1.21824,False,0.00000,100,856,0
file_A,A,158,S,0.04511,-0.07906,False,0.09183,100,856,0
file_A,A,159,F,0.02116,-0.72651,False,0.04117,100,856,0
file_A,A,160,N,0.06113,0.35401,False,0.57897,100,856,0
file_A,A,161,I,0.01741,-0.82788,False,0.07760,100,856,0
file_A,A,162,S,0.05943,0.30805,False,0.34650,100,856,0
file_A,A,163,T,0.05501,0.18857,False,0.13995,100,856,0
file_A,A,164,S,0.11965,1.93599,True,0.77846,100,856,0
file_A,A,165,I,0.10637,1.57699,True,0.62477,100,856,0
file_A,A,166,R,0.31337,7.17286,True,0.77656,100,856,0
file_A,A,167,G,0.12756,2.14982,True,0.89486,100,856,0
file_A,A,168,K,0.17975,3.56068,True,0.58796,100,856,0
file_A,A,169,V,0.11632,1.84597,True,0.63589,100,856,0
file_A,A,170,Q,0.14524,2.62777,True,0.44140,100,856,0
file_A,A,171,K,0.15145,2.79565,True,0.54605,100,856,0
file_A,A,172,E,0.05562,0.20506,False,0.07089,100,856,0
file_A,A,173,Y,0.06879,0.56108,False,0.50634,100,856,0
file_A,A,174,A,0.00998,-1.02874,False,0.00893,100,856,0
file_A,A,175,F,0.02136,-0.72110,False,0.12488,100,856,0
file_A,A,176,F,0.01593,-0.86789,False,0.04522,100,856,0
file_A,A,177,Y,0.03392,-0.38156,False,0.03970,100,856,0
file_A,A,178,K,0.06321,0.41024,False,0.67733,100,856,0
file_A,A,179,L,0.03862,-0.25451,False,0.56605,100,856,0
file_A,A,180,D,0.01303,-0.94629,False,0.01493,100,856,0
file_A,A,181,I,0.03006,-0.48591,False,0.03430,100,856,0
file_A,A,182,I,0.07403,0.70274,False,0.41838,100,856,0
file_A,A,183,P,0.13913,2.46260,True,0.43130,100,856,0
file_A,A,184,I,0.08005,0.86548,False,0.24618,100,856,0
file_A,A,185,D,0.22460,4.77312,True,0.84370,100,856,0
file_A,A,186,N,0.12541,2.09170,True,0.90499,100,856,0
file_A,A,187,D,0.10673,1.58672,True,0.46153,100,856,0
file_A,A,188,T,0.08880,1.10202,False,0.74798,100,856,0
file_A,A,189,T,0.08324,0.95171,False,0.46950,100,856,0
file_A,A,190,S,0.07038,0.60407,False,0.15463,100,856,0
file_A,A,191,Y,0.03423,-0.37318,False,0.09736,100,856,0
file_A,A,192,K,0.07439,0.71247,False,0.28933,100,856,0
file_A,A,193,L,0.00691,-1.11173,False,0.02324,100,856,0
file_A,A,194,T,0.05613,0.21884,False,0.22479,100,856,0
file_A,A,195,S,0.00912,-1.05199,False,0.00524,100,856,0
file_A,A,196,C,0.05092,0.07800,False,0.22986,100,856,0
file_A,A,197,N,0.10250,1.47237,False,0.70969,100,856,0
file_A,A,198,T,0.08616,1.03065,False,0.42908,100,856,0
file_A,A,199,S,0.06602,0.48620,False,0.89410,100,856,0
file_A,A,200,V,0.03173,-0.44077,False,0.64024,100,856,0
file_A,A,201,I,0.02319,-0.67163,False,0.09288,100,856,0
file_A,A,202,T,0.04308,-0.13394,False,0.33990,100,856,0
file_A,A,203,Q,0.02847,-0.52889,False,0.21386,100,856,0
file_A,A,204,A,0.01353,-0.93277,False,0.16377,100,856,0
file_A,A,205,C,0.01321,-0.94142,False,0.03798,100,856,0
file_A,A,206,P,0.05191,0.10476,False,0.49572,100,856,0
file_A,A,207,K,0.03891,-0.24667,False,0.15380,100,856,0
file_A,A,208,V,0.04045,-0.20504,False,0.17269,100,856,0
file_A,A,209,S,0.05946,0.30886,False,0.31901,100,856,0
file_A,A,210,F,0.01209,-0.97170,False,0.04511,100,856,0
file_A,A,211,E,0.11040,1.68593,True,0.64732,100,856,0
file_A,A,212,P,0.02314,-0.67298,False,0.23629,100,856,0
file_A,A,213,I,0.05238,0.11747,False,0.13978,100,856,0
file_A,A,214,P,0.04743,-0.01635,False,0.37252,100,856,0
file_A,A,215,I,0.01826,-0.80490,False,0.03760,100,856,0
file_A,A,216,H,0.04307,-0.13421,False,0.22652,100,856,0
file_A,A,217,Y,0.01102,-1.00062,False,0.01891,100,856,0
file_A,A,218,C,0.01252,-0.96007,False,0.01310,100,856,0
file_A,A,219,A,0.00371,-1.19824,False,0.00377,100,856,0
file_A,A,220,P,0.00848,-1.06929,False,0.04374,100,856,0
file_A,A,221,A,0.03492,-0.35453,False,0.28461,100,856,0
file_A,A,222,G,0.01447,-0.90736,False,0.11567,100,856,0
file_A,A,223,F,0.01721,-0.83329,False,0.03873,100,856,0
file_A,A,224,A,0.00071,-1.27933,False,0.00128,100,856,0
file_A,A,225,I,0.00153,-1.25717,False,0.00000,100,856,0
file_A,A,226,L,0.00160,-1.25528,False,0.00000,100,856,0
file_A,A,227,K,0.02297,-0.67758,False,0.20035,100,856,0
file_A,A,228,C,0.01117,-0.99657,False,0.03183,100,856,0
file_A,A,229,N,0.04868,0.01745,False,0.24617,100,856,0
file_A,A,230,N,0.06661,0.50215,False,0.28345,100,856,0
file_A,A,231,K,0.08372,0.96469,False,0.47832,100,856,0
file_A,A,232,T,0.04864,0.01636,False,0.55455,100,856,0
file_A,A,233,F,0.02939,-0.50402,False,0.05748,100,856,0
file_A,A,234,N,0.05045,0.06529,False,0.47285,100,856,0
file_A,A,235,G,0.00201,-1.24419,False,0.00000,100,856,0
file_A,A,236,T,0.04731,-0.01959,False,0.34309,100,856,0
file_A,A,237,G,0.03965,-0.22666,False,0.27528,100,856,0
file_A,A,238,P,0.09494,1.26800,False,0.65661,100,856,0
file_A,A,239,C,0.00474,-1.17039,False,0.00000,100,856,0
file_A,A,240,T,0.08383,0.96766,False,0.61504,100,856,0
file_A,A,241,N,0.06789,0.53675,False,0.41321,100,856,0
file_A,A,242,V,0.00232,-1.23581,False,0.00000,100,856,0
file_A,A,243,S,0.00657,-1.12092,False,0.00000,100,856,0
file_A,A,244,T,0.00318,-1.21256,False,0.00000,100,856,0
file_A,A,245,V,0.04382,-0.11393,False,0.07997,100,856,0
file_A,A,246,Q,0.02918,-0.50970,False,0.27500,100,856,0
file_A,A,247,C,0.01763,-0.82193,False,0.17909,100,856,0
file_A,A,248,T,0.01035,-1.01874,False,0.03427,100,856,0
file_A,A,249,H,0.02382,-0.65460,False,0.31444,100,856,0
file_A,A,250,G,0.04325,-0.12934,False,0.28766,100,856,0
file_A,A,251,I,0.00946,-1.04279,False,0.01440,100,856,0
file_A,A,252,R,0.10090,1.42912,False,0.49367,100,856,0
file_A,A,253,P,0.01071,-1.00900,False,0.00769,100,856,0
file_A,A,254,V,0.03428,-0.37183,False,0.10105,100,856,0
file_A,A,255,V,0.02209,-0.70137,False,0.05348,100,856,0
file_A,A,256,S,0.00663,-1.11930,False,0.01198,100,856,0
file_A,A,257,T,0.00776,-1.08875,False,0.01794,100,856,0
file_A,A,258,Q,0.00197,-1.24527,False,0.00101,100,856,0
file_A,A,259,L,0.00103,-1.27068,False,0.00140,100,856,0
file_A,A,260,L,0.00617,-1.13173,False,0.06183,100,856,0
file_A,A,261,L,0.01323,-0.94088,False,0.05711,100,856,0
file_A,A,262,N,0.02614,-0.59188,False,0.24932,100,856,0
file_A,A,263,G,0.01008,-1.02603,False,0.35232,100,856,0
file_A,A,264,S,0.01405,-0.91871,False,0.19334,100,856,0
file_A,A,265,L,0.04182,-0.16800,False,0.42529,100,856,0
file_A,A,266,A,0.02127,-0.72353,False,0.06416,100,856,0
file_A,A,267,E,0.06603,0.48647,False,0.66624,100,856,0
file_A,A,268,E,0.08392,0.97010,False,0.48692,100,856,0
file_A,A,269,E,0.05581,0.21019,False,0.34348,100,856,0
file_A,A,270,V,0.00833,-1.07334,False,0.02295,100,856,0
file_A,A,271,V,0.01872,-0.79247,False,0.08353,100,856,0
file_A,A,272,I,0.03966,-0.22639,False,0.10510,100,856,0
file_A,A,273,R,0.00687,-1.11281,False,0.00826,100,856,0
file_A,A,274,S,0.02361,-0.66028,False,0.07590,100,856,0
file_A,A,275,V,0.10646,1.57942,True,0.53624,100,856,0
file_A,A,276,N,0.15396,2.86350,True,0.44385,100,856,0
file_A,A,277,F,0.05303,0.13504,False,0.22591,100,856,0
file_A,A,278,T,0.15504,2.89269,True,0.80837,100,856,0
file_A,A,279,D,0.16145,3.06598,True,0.28924,100,856,0
file_A,A,280,N,0.15428,2.87215,True,0.40831,100,856,0
file_A,A,281,A,0.17365,3.39578,True,0.80241,100,856,0
file_A,A,282,K,0.26220,5.78957,True,0.33756,100,856,0
file_A,A,283,T,0.03922,-0.23829,False,0.19563,100,856,0
file_A,A,284,I,0.01134,-0.99197,False,0.01760,100,856,0
file_A,A,285,I,0.00179,-1.25014,False,0.00000,100,856,0
file_A,A,286,V,0.00127,-1.26420,False,0.00000,100,856,0
file_A,A,287,Q,0.00224,-1.23797,False,0.00605,100,856,0
file_A,A,288,L,0.00202,-1.24392,False,0.00247,100,856,0
file_A,A,289,N,0.02208,-0.70164,False,0.21581,100,856,0
file_A,A,290,T,0.07502,0.72950,False,0.51467,100,856,0
file_A,A,291,S,0.02445,-0.63757,False,0.29434,100,856,0
file_A,A,292,V,0.00827,-1.07496,False,0.01333,100,856,0
file_A,A,293,E,0.05653,0.22966,False,0.41522,100,856,0
file_A,A,294,I,0.00576,-1.14282,False,0.00518,100,856,0
file_A,A,295,N,0.04969,0.04475,False,0.37479,100,856,0
file_A,A,296,C,0.00831,-1.07388,False,0.01858,100,856,0
file_A,A,297,T,0.06680,0.50729,False,0.15885,100,856,0
file_A,A,298,R,0.01320,-0.94169,False,0.00382,100,856,0
file_A,A,299,P,0.12759,2.15063,True,0.45629,100,856,0
file_A,A,300,N,0.03329,-0.39859,False,0.23960,100,856,0
file_A,A,301,N,0.11566,1.82813,True,0.73949,100,856,0
file_A,A,302,N,0.01328,-0.93953,False,0.01781,100,856,0
file_A,A,303,T,0.08196,0.91711,False,0.58425,100,856,0
file_A,A,304,R,0.08697,1.05255,False,0.36473,100,856,0
file_A,A,305,K,0.06755,0.52756,False,0.40883,100,856,0
file_A,A,306,R,0.15422,2.87053,True,0.62662,100,856,0
file_A,A,307,I,0.04067,-0.19909,False,0.04640,100,856,0
file_A,A,308,R,0.08949,1.12067,False,0.77622,100,856,0
file_A,A,309,I,0.02140,-0.72002,False,0.14275,100,856,0
file_A,A,310,Q,0.10192,1.45669,False,0.17799,100,856,0
file_A,A,311,R,0.15394,2.86296,True,0.66879,100,856,0
file_A,A,312,G,0.15381,2.85944,True,0.48270,100,856,0
file_A,A,313,P,0.15997,3.02597,True,1.04614,100,856,0
file_A,A,314,G,0.14114,2.51693,True,0.83808,100,856,0
file_A,A,315,R,0.06622,0.49161,False,0.57089,100,856,0
file_A,A,316,A,0.03384,-0.38373,False,0.30489,100,856,0
file_A,A,317,F,0.03174,-0.44050,False,0.07453,100,856,0
file_A,A,318,V,0.03084,-0.46483,False,0.21796,100,856,0
file_A,A,319,T,0.01170,-0.98224,False,0.02856,100,856,0
file_A,A,320,I,0.01056,-1.01306,False,0.02656,100,856,0
file_A,A,321,G,0.07846,0.82249,False,0.40734,100,856,0
file_A,A,322,K,0.13028,2.22335,True,0.75805,100,856,0
file_A,A,323,I,0.06988,0.59055,False,0.43443,100,856,0
file_A,A,324,G,0.03723,-0.29208,False,0.46261,100,856,0
file_A,A,325,N,0.06323,0.41078,False,0.34612,100,856,0
file_A,A,326,M,0.00559,-1.14741,False,0.00255,100,856,0
file_A,A,327,R,0.00763,-1.09227,False,0.02091,100,856,0
file_A,A,328,Q,0.03190,-0.43617,False,0.27730,100,856,0
file_A,A,329,A,0.00378,-1.19634,False,0.03205,100,856,0
file_A,A,330,H,0.07768,0.80141,False,0.28598,100,856,0
file_A,A,331,C,0.00136,-1.26176,False,0.00000,100,856,0
file_A,A,332,N,0.02618,-0.59080,False,0.29692,100,856,0
file_A,A,333,I,0.00527,-1.15606,False,0.01016,100,856,0
file_A,A,334,S,0.02018,-0.75300,False,0.31647,100,856,0
file_A,A,335,R,0.02524,-0.61621,False,0.36786,100,856,0
file_A,A,336,A,0.01402,-0.91952,False,0.53450,100,856,0
file_A,A,337,K,0.02819,-0.53646,False,0.47436,100,856,0
file_A,A,338,W,0.00411,-1.18742,False,0.01050,100,856,0
file_A,A,339,N,0.01192,-0.97629,False,0.20418,100,856,0
file_A,A,340,N,0.04035,-0.20774,False,0.59247,100,856,0
file_A,A,341,T,0.00923,-1.04901,False,0.03808,100,856,0
file_A,A,342,L,0.00558,-1.14768,False,0.02143,100,856,0
file_A,A,343,K,0.01939,-0.77436,False,0.46424,100,856,0
file_A,A,344,Q,0.02869,-0.52295,False,0.35950,100,856,0
file_A,A,345,I,0.00119,-1.26636,False,0.00080,100,856,0
file_A,A,346,A,0.00166,-1.25365,False,0.00383,100,856,0
file_A,A,347,S,0.04908,0.02826,False,0.32117,100,856,0
file_A,A,348,K,0.03135,-0.45104,False,0.18106,100,856,0
file_A,A,349,L,0.00144,-1.25960,False,0.00000,100,856,0
file_A,A,350,R,0.02734,-0.55944,False,0.06906,100,856,0
file_A,A,351,E,0.07216,0.65219,False,0.54321,100,856,0
file_A,A,352,Q,0.04768,-0.00959,False,0.42087,100,856,0
file_A,A,353,F,0.06527,0.46593,False,0.19606,100,856,0
file_A,A,354,G,0.05945,0.30859,False,0.39712,100,856,0
file_A,A,355,N,0.12040,1.95627,True,0.69935,100,856,0
file_A,A,356,N,0.13730,2.41313,True,0.90931,100,856,0
file_A,A,357,K,0.10396,1.51184,True,0.23830,100,856,0
file_A,A,358,T,0.03910,-0.24153,False,0.16967,100,856,0
file_A,A,359,I,0.00223,-1.23824,False,0.00000,100,856,0
file_A,A,360,I,0.03881,-0.24937,False,0.15279,100,856,0
file_A,A,361,F,0.00235,-1.23500,False,0.00609,100,856,0
file_A,A,362,K,0.08655,1.04119,False,0.43754,100,856,0
file_A,A,363,Q,0.03386,-0.38319,False,0.47956,100,856,0
file_A,A,364,S,0.02051,-0.74408,False,0.12653,100,856,0
file_A,A,365,S,0.27162,6.04422,True,0.71525,100,856,0
file_A,A,366,G,0.35121,8.19579,True,0.47389,100,856,0
file_A,A,367,G,0.20862,4.34113,True,0.82711,100,856,0
file_A,A,368,D,0.15507,2.89351,True,0.46638,100,856,0
file_A,A,369,P,0.04140,-0.17936,False,0.39067,100,856,0
file_A,A,370,E,0.02800,-0.54160,False,0.11847,100,856,0
file_A,A,371,I,0.13206,2.27147,True,0.34478,100,856,0
file_A,A,372,V,0.03822,-0.26532,False,0.39027,100,856,0
file_A,A,373,T,0.04399,-0.10934,False,0.19041,100,856,0
file_A,A,374,H,0.00129,-1.26366,False,0.00000,100,856,0
file_A,A,375,S,0.03578,-0.33128,False,0.08565,100,856,0
file_A,A,376,F,0.01580,-0.87140,False,0.04592,100,856,0
file_A,A,377,N,0.02272,-0.68433,False,0.10749,100,856,0
file_A,A,378,C,0.01068,-1.00981,False,0.04006,100,856,0
file_A,A,379,G,0.02219,-0.69866,False,0.25587,100,856,0
file_A,A,380,G,0.01050,-1.01468,False,0.06690,100,856,0
file_A,A,381,E,0.00240,-1.23365,False,0.00139,100,856,0
file_A,A,382,F,0.01127,-0.99386,False,0.05669,100,856,0
file_A,A,383,F,0.00158,-1.25582,False,0.00000,100,856,0
file_A,A,384,Y,0.03423,-0.37318,False,0.05197,100,856,0
file_A,A,385,C,0.00214,-1.24068,False,0.00000,100,856,0
file_A,A,386,N,0.02798,-0.54214,False,0.44571,100,856,0
file_A,A,387,S,0.01019,-1.02306,False,0.03529,100,856,0
file_A,A,388,T,0.03235,-0.42401,False,0.34175,100,856,0
file_A,A,389,Q,0.02622,-0.58972,False,0.43013,100,856,0
file_A,A,390,L,0.00588,-1.13957,False,0.01584,100,856,0
file_A,A,391,F,0.00544,-1.15147,False,0.00736,100,856,0
file_A,A,392,N,0.03909,-0.24180,False,0.65709,100,856,0
file_A,A,393,S,0.01138,-0.99089,False,0.09851,100,856,0
file_A,A,394,T,0.04925,0.03286,False,0.28146,100,856,0
file_A,A,395,W,0.01040,-1.01738,False,0.02045,100,856,0
file_A,A,396,F,0.06215,0.38158,False,0.52129,100,856,0
file_A,A,397,N,0.03806,-0.26965,False,0.81581,100,856,0
file_A,A,398,S,0.02106,-0.72921,False,0.36190,100,856,0
file_A,A,399,T,0.05062,0.06989,False,0.67895,100,856,0
file_A,A,400,W,0.02932,-0.50592,False,0.46061,100,856,0
file_A,A,401,S,0.03311,-0.40346,False,0.39697,100,856,0
file_A,A,402,T,0.03683,-0.30290,False,0.34746,100,856,0
file_A,A,403,E,0.07294,0.67327,False,0.98984,100,856,0
file_A,A,404,G,0.11248,1.74216,True,0.96873,100,856,0
file_A,A,405,S,0.03412,-0.37616,False,0.46117,100,856,0
file_A,A,406,N,0.07652,0.77005,False,0.89676,100,856,0
file_A,A,407,N,0.06153,0.36482,False,0.90182,100,856,0
file_A,A,408,T,0.05477,0.18208,False,0.79438,100,856,0
file_A,A,409,E,0.07108,0.62299,False,0.85344,100,856,0
file_A,A,410,G,0.05816,0.27372,False,0.55190,100,856,0
file_A,A,411,S,0.07910,0.83980,False,0.85446,100,856,0
file_A,A,412,D,0.08433,0.98118,False,0.52520,100,856,0
file_A,A,413,T,0.09719,1.32883,False,0.57754,100,856,0
file_A,A,414,I,0.00713,-1.10578,False,0.01040,100,856,0
file_A,A,415,T,0.04006,-0.21558,False,0.32431,100,856,0
file_A,A,416,L,0.00192,-1.24662,False,0.00000,100,856,0
file_A,A,417,P,0.08940,1.11824,False,0.35490,100,856,0
file_A,A,418,C,0.00694,-1.11092,False,0.02293,100,856,0
file_A,A,419,R,0.09884,1.37343,False,0.40744,100,856,0
file_A,A,420,I,0.01208,-0.97197,False,0.01708,100,856,0
file_A,A,421,K,0.03544,-0.34047,False,0.08850,100,856,0
file_A,A,422,Q,0.02184,-0.70812,False,0.04761,100,856,0
file_A,A,423,I,0.04870,0.01799,False,0.07082,100,856,0
file_A,A,424,I,0.01292,-0.94926,False,0.02455,100,856,0
file_A,A,425,N,0.07948,0.85007,False,0.26771,100,856,0
file_A,A,426,M,0.04180,-0.16854,False,0.20073,100,856,0
file_A,A,427,W,0.03869,-0.25262,False,0.19282,100,856,0
file_A,A,428,Q,0.05953,0.31076,False,0.13004,100,856,0
file_A,A,429,K,0.10604,1.56807,True,0.59801,100,856,0
file_A,A,430,V,0.09046,1.14689,False,1.18716,100,856,0
file_A,A,431,G,0.05097,0.07935,False,0.28578,100,856,0
file_A,A,432,K,0.05730,0.25047,False,0.25351,100,856,0
file_A,A,433,A,0.01700,-0.83896,False,0.02490,100,856,0
file_A,A,434,M,0.08124,0.89765,False,0.04116,100,856,0
file_A,A,435,Y,0.01720,-0.83356,False,0.05278,100,856,0
file_A,A,436,A,0.03245,-0.42130,False,0.19386,100,856,0
file_A,A,437,P,0.01484,-0.89736,False,0.02187,100,856,0
file_A,A,438,P,0.01038,-1.01792,False,0.01016,100,856,0
file_A,A,439,I,0.06321,0.41024,False,0.33839,100,856,0
file_A,A,440,S,0.07260,0.66408,False,0.50012,100,856,0
file_A,A,441,G,0.03707,-0.29641,False,0.30509,100,856,0
file_A,A,442,Q,0.07641,0.76708,False,0.43667,100,856,0
file_A,A,443,I,0.03052,-0.47348,False,0.13999,100,856,0
file_A,A,444,R,0.13363,2.31391,True,0.70734,100,856,0
file_A,A,445,C,0.02582,-0.60053,False,0.21327,100,856,0
file_A,A,446,S,0.07662,0.77275,False,0.64945,100,856,0
file_A,A,447,S,0.01059,-1.01225,False,0.15649,100,856,0
file_A,A,448,N,0.02485,-0.62675,False,0.37671,100,856,0
file_A,A,449,I,0.00211,-1.24149,False,0.00000,100,856,0
file_A,A,450,T,0.01088,-1.00441,False,0.04327,100,856,0
file_A,A,451,G,0.00234,-1.23527,False,0.00644,100,856,0
file_A,A,452,L,0.00165,-1.25392,False,0.00247,100,856,0
file_A,A,453,L,0.00280,-1.22284,False,0.00720,100,856,0
file_A,A,454,L,0.00225,-1.23770,False,0.00082,100,856,0
file_A,A,455,T,0.16250,3.09436,True,0.33887,100,856,0
file_A,A,456,R,0.22552,4.79799,True,0.12814,100,856,0
file_A,A,457,D,0.34749,8.09523,True,0.33693,100,856,0
file_A,A,458,G,0.14743,2.68697,True,0.34273,100,856,0
file_A,A,459,G,0.22694,4.83638,True,0.86024,100,856,0
file_A,A,460,N,0.12163,1.98952,True,0.68725,100,856,0
file_A,A,461,S,0.15693,2.94379,True,0.70311,100,856,0
file_A,A,462,N,0.22597,4.81016,True,0.77004,100,856,0
file_A,A,463,N,0.09580,1.29125,False,0.58041,100,856,0
file_A,A,464,E,0.10235,1.46832,False,0.73019,100,856,0
file_A,A,465,S,0.17849,3.52662,True,0.28794,100,856,0
file_A,A,466,E,0.06964,0.58406,False,0.15020,100,856,0
file_A,A,467,I,0.17604,3.46039,True,0.25614,100,856,0
file_A,A,468,F,0.00265,-1.22689,False,0.00000,100,856,0
file_A,A,469,R,0.24368,5.28891,True,0.17309,100,856,0
file_A,A,470,P,0.00705,-1.10794,False,0.01305,100,856,0
file_A,A,471,G,0.08176,0.91170,False,0.05955,100,856,0
file_A,A,472,G,0.07219,0.65300,False,0.25785,100,856,0
file_A,A,473,G,0.09498,1.26908,False,0.37129,100,856,0
file_A,A,474,D,0.14016,2.49044,True,0.32677,100,856,0
file_A,A,475,M,0.01608,-0.86384,False,0.06230,100,856,0
file_A,A,476,R,0.12884,2.18443,True,0.30312,100,856,0
file_A,A,477,D,0.01464,-0.90276,False,0.04195,100,856,0
file_A,A,478,N,0.00559,-1.14741,False,0.05610,100,856,0
file_A,A,479,W,0.00882,-1.06010,False,0.01658,100,856,0
file_A,A,480,R,0.03851,-0.25748,False,0.11105,100,856,0
file_A,A,481,S,0.00383,-1.19499,False,0.02160,100,856,0
file_A,A,482,E,0.01435,-0.91060,False,0.07631,100,856,0
file_A,A,483,L,0.00270,-1.22554,False,0.00360,100,856,0
file_A,A,484,Y,0.02106,-0.72921,False,0.08238,100,856,0
file_A,A,485,K,0.01992,-0.76003,False,0.18367,100,856,0
file_A,A,486,Y,0.01657,-0.85059,False,0.04680,100,856,0
file_A,A,487,K,0.01984,-0.76219,False,0.09446,100,856,0
file_A,A,488,V,0.00541,-1.15228,False,0.07206,100,856,0
file_A,A,489,V,0.00294,-1.21905,False,0.00000,100,856,0
file_A,A,490,K,0.02562,-0.60594,False,0.29048,100,856,0
file_A,A,491,I,0.00916,-1.05090,False,0.04077,100,856,0
file_A,A,492,E,0.05634,0.22452,False,0.19529,100,856,0
file_A,A,493,P,0.02118,-0.72597,False,0.12128,100,856,0
file_A,A,494,L,0.03292,-0.40860,False,0.18699,100,856,0
file_A,A,495,G,0.01380,-0.92547,False,0.07403,100,856,0
file_A,A,496,V,0.01612,-0.86275,False,0.07035,100,856,0
file_A,A,497,A,0.00433,-1.18147,False,0.00000,100,856,0
file_A,A,498,P,0.00226,-1.23743,False,0.00099,100,856,0
file_A,A,499,T,0.04899,0.02583,False,0.15591,100,856,0
file_A,A,500,K,0.11511,1.81326,True,0.58008,100,856,0
file_A,A,501,A,0.08076,0.88467,False,0.48848,100,856,0
file_A,A,502,K,0.10167,1.44993,False,0.47220,100,856,0
file_A,A,503,R,0.03887,-0.24775,False,0.11113,100,856,0
file_A,A,504,R,0.14742,2.68670,True,0.80588,100,856,0
file_A,A,505,V,0.07895,0.83574,False,0.59329,100,856,0
file_A,A,506,V,0.07288,0.67165,False,0.80523,100,856,0
file_A,A,507,Q,0.14258,2.55586,True,0.75786,100,856,0
file_A,A,508,R,0.17705,3.48769,True,0.80563,100,856,0
file_A,A,509,E,0.08027,0.87142,False,0.70995,100,856,0
file_A,A,510,K,0.11289,1.75325,True,0.96395,100,856,0
file_A,A,511,R,0.14279,2.56154,True,0.90875,100,856,0
file_A,A,512,A,0.05689,0.23939,False,0.99907,100,856,0
file_A,A,513,V,0.08621,1.03200,False,0.68923,100,856,0
file_A,A,514,G,0.05373,0.15396,False,0.72735,100,856,0
file_A,A,515,I,0.07193,0.64597,False,0.65066,100,856,0
file_A,A,516,G,0.01675,-0.84572,False,0.19065,100,856,0
file_A,A,517,A,0.01123,-0.99495,False,0.15266,100,856,0
file_A,A,518,L,0.04156,-0.17503,False,0.28371,100,856,0
file_A,A,519,F,0.01404,-0.91898,False,0.23660,100,856,0
file_A,A,520,L,0.01220,-0.96872,False,0.05029,100,856,0
file_A,A,521,G,0.02895,-0.51592,False,0.39311,100,856,0
file_A,A,522,F,0.01275,-0.95386,False,0.08987,100,856,0
file_A,A,523,L,0.00133,-1.26257,False,0.00000,100,856,0
file_A,A,524,G,0.04636,-0.04527,False,0.28185,100,856,0
file_A,A,525,A,0.02024,-0.75138,False,0.15635,100,856,0
file_A,A,526,A,0.00748,-1.09632,False,0.02551,100,856,0
file_A,A,527,G,0.01867,-0.79382,False,0.23921,100,856,0
file_A,A,528,S,0.07232,0.65651,False,0.28036,100,856,0
file_A,A,529,T,0.08700,1.05336,False,0.37361,100,856,0
file_A,A,530,M,0.00245,-1.23230,False,0.00000,100,856,0
file_A,A,531,G,0.03753,-0.28397,False,0.27100,100,856,0
file_A,A,532,A,0.04296,-0.13718,False,0.44792,100,856,0
file_A,A,533,A,0.00064,-1.28123,False,0.00000,100,856,0
file_A,A,534,S,0.01662,-0.84924,False,0.09260,100,856,0
file_A,A,535,M,0.08831,1.08877,False,0.69242,100,856,0
file_A,A,536,T,0.05472,0.18073,False,0.58277,100,856,0
file_A,A,537,L,0.01661,-0.84951,False,0.08923,100,856,0
file_A,A,538,T,0.02388,-0.65298,False,0.30074,100,856,0
file_A,A,539,V,0.13948,2.47206,True,0.82460,100,856,0
file_A,A,540,Q,0.04996,0.05205,False,0.54796,100,856,0
file_A,A,541,A,0.00776,-1.08875,False,0.17092,100,856,0
file_A,A,542,R,0.02562,-0.60594,False,0.34218,100,856,0
file_A,A,543,Q,0.03550,-0.33885,False,0.61508,100,856,0
file_A,A,544,L,0.02374,-0.65676,False,0.46988,100,856,0
file_A,A,545,L,0.01183,-0.97873,False,0.31204,100,856,0
file_A,A,546,S,0.03298,-0.40697,False,0.48012,100,856,0
file_A,A,547,G,0.06040,0.33427,False,0.37511,100,856,0
file_A,A,548,I,0.01758,-0.82329,False,0.24906,100,856,0
file_A,A,549,V,0.01822,-0.80598,False,0.64923,100,856,0
file_A,A,550,Q,0.03497,-0.35318,False,0.52348,100,856,0
file_A,A,551,Q,0.02918,-0.50970,False,0.56110,100,856,0
file_A,A,552,Q,0.00849,-1.06902,False,0.22488,100,856,0
file_A,A,553,N,0.02437,-0.63973,False,0.38243,100,856,0
file_A,A,554,N,0.03857,-0.25586,False,0.51849,100,856,0
file_A,A,555,L,0.02952,-0.50051,False,0.39712,100,856,0
file_A,A,556,L,0.01780,-0.81734,False,0.56138,100,856,0
file_A,A,557,R,0.05166,0.09801,False,0.62849,100,856,0
file_A,A,558,A,0.02292,-0.67893,False,0.46608,100,856,0
file_A,A,559,I,0.01299,-0.94737,False,0.19599,100,856,0
file_A,A,560,E,0.05510,0.19100,False,0.57288,100,856,0
file_A,A,561,A,0.04773,-0.00824,False,0.71480,100,856,0
file_A,A,562,Q,0.03110,-0.45780,False,0.41223,100,856,0
file_A,A,563,Q,0.05818,0.27426,False,0.57704,100,856,0
file_A,A,564,H,0.08382,0.96739,False,0.95622,100,856,0
file_A,A,565,L,0.03983,-0.22180,False,0.84837,100,856,0
file_A,A,566,L,0.03983,-0.22180,False,0.29890,100,856,0
file_A,A,567,Q,0.06468,0.44998,False,0.85953,100,856,0
file_A,A,568,L,0.08190,0.91549,False,0.75391,100,856,0
file_A,A,569,T,0.05814,0.27318,False,0.51420,100,856,0
file_A,A,570,V,0.04562,-0.06528,False,0.82409,100,856,0
file_A,A,571,W,0.01976,-0.76435,False,0.13864,100,856,0
file_A,A,572,G,0.01739,-0.82842,False,0.14277,100,856,0
file_A,A,573,I,0.03177,-0.43968,False,0.50036,100,856,0
file_A,A,574,K,0.02938,-0.50429,False,0.22430,100,856,0
file_A,A,575,Q,0.02611,-0.59269,False,0.05684,100,856,0
file_A,A,576,L,0.02511,-0.61973,False,0.41842,100,856,0
file_A,A,577,Q,0.04908,0.02826,False,0.53100,100,856,0
file_A,A,578,A,0.00294,-1.21905,False,0.01901,100,856,0
file_A,A,579,R,0.02113,-0.72732,False,0.17291,100,856,0
file_A,A,580,I,0.04371,-0.11691,False,0.60157,100,856,0
file_A,A,581,L,0.02229,-0.69596,False,0.26262,100,856,0
file_A,A,582,A,0.01314,-0.94331,False,0.13276,100,856,0
file_A,A,583,V,0.03315,-0.40238,False,0.54744,100,856,0
file_A,A,584,E,0.06427,0.43889,False,0.52744,100,856,0
file_A,A,585,R,0.02412,-0.64649,False,0.19660,100,856,0
file_A,A,586,Y,0.03262,-0.41671,False,0.48439,100,856,0
file_A,A,587,L,0.03780,-0.27667,False,0.65421,100,856,0
file_A,A,588,K,0.03177,-0.43968,False,0.63713,100,856,0
file_A,A,589,D,0.02041,-0.74678,False,0.15108,100,856,0
file_A,A,590,Q,0.02684,-0.57296,False,0.20808,100,856,0
file_A,A,591,Q,0.03564,-0.33507,False,0.60567,100,856,0
file_A,A,592,L,0.04350,-0.12259,False,0.31325,100,856,0
file_A,A,593,L,0.00715,-1.10524,False,0.01237,100,856,0
file_A,A,594,G,0.04818,0.00393,False,0.45690,100,856,0
file_A,A,595,I,0.02023,-0.75165,False,0.40723,100,856,0
file_A,A,596,W,0.00875,-1.06199,False,0.01130,100,856,0
file_A,A,597,G,0.02225,-0.69704,False,0.44475,100,856,0
file_A,A,598,C,0.00215,-1.24041,False,0.00000,100,856,0
file_A,A,599,S,0.08062,0.88089,False,0.58980,100,856,0
file_A,A,600,G,0.05731,0.25074,False,0.62075,100,856,0
file_A,A,601,K,0.07475,0.72220,False,0.51359,100,856,0
file_A,A,602,L,0.04586,-0.05879,False,0.32768,100,856,0
file_A,A,603,I,0.04665,-0.03743,False,0.43502,100,856,0
file_A,A,604,C,0.01225,-0.96737,False,0.02832,100,856,0
file_A,A,605,T,0.03212,-0.43022,False,0.26848,100,856,0
file_A,A,606,T,0.00818,-1.07740,False,0.00000,100,856,0
file_A,A,607,A,0.03545,-0.34020,False,0.26269,100,856,0
file_A,A,608,V,0.02022,-0.75192,False,0.06188,100,856,0
file_A,A,609,P,0.08439,0.98280,False,0.57924,100,856,0
file_A,A,610,W,0.03138,-0.45023,False,0.12676,100,856,0
file_A,A,611,N,0.05170,0.09909,False,0.47265,100,856,0
file_A,A,612,A,0.04159,-0.17422,False,0.71598,100,856,0
file_A,A,613,S,0.13802,2.43259,True,0.62204,100,856,0
file_A,A,614,W,0.04323,-0.12988,False,0.08853,100,856,0
file_A,A,615,S,0.03025,-0.48078,False,0.13232,100,856,0
file_A,A,616,N,0.04940,0.03691,False,0.99186,100,856,0
file_A,A,617,K,0.06293,0.40267,False,0.28538,100,856,0
file_A,A,618,S,0.06298,0.40402,False,0.51155,100,856,0
file_A,A,619,L,0.03806,-0.26965,False,0.22522,100,856,0
file_A,A,620,E,0.12360,2.04277,True,0.66149,100,856,0
file_A,A,621,Q,0.07018,0.59866,False,0.41793,100,856,0
file_A,A,622,I,0.01005,-1.02685,False,0.00560,100,856,0
file_A,A,623,W,0.03231,-0.42509,False,0.16894,100,856,0
file_A,A,624,N,0.12044,1.95735,True,0.57987,100,856,0
file_A,A,625,H,0.18037,3.57744,True,0.79695,100,856,0
file_A,A,626,T,0.04214,-0.15935,False,0.10428,100,856,0
file_A,A,627,T,0.02165,-0.71326,False,0.21015,100,856,0
file_A,A,628,W,0.00540,-1.15255,False,0.00885,100,856,0
file_A,A,629,M,0.02013,-0.75435,False,0.13406,100,856,0
file_A,A,630,E,0.04765,-0.01040,False,0.42684,100,856,0
file_A,A,631,W,0.00573,-1.14363,False,0.00999,100,856,0
file_A,A,632,D,0.03121,-0.45482,False,0.13205,100,856,0
file_A,A,633,R,0.04820,0.00447,False,0.64316,100,856,0
file_A,A,634,E,0.07043,0.60542,False,0.39687,100,856,0
file_A,A,635,I,0.01197,-0.97494,False,0.02800,100,856,0
file_A,A,636,N,0.09232,1.19717,False,0.48006,100,856,0
file_A,A,637,N,0.07069,0.61245,False,0.83730,100,856,0
file_A,A,638,Y,0.03551,-0.33858,False,0.35299,100,856,0
file_A,A,639,T,0.01599,-0.86627,False,0.22843,100,856,0
file_A,A,640,S,0.05447,0.17397,False,0.69331,100,856,0
file_A,A,641,L,0.08110,0.89386,False,0.56576,100,856,0
file_A,A,642,I,0.00234,-1.23527,False,0.00000,100,856,0
file_A,A,643,H,0.02590,-0.59837,False,0.22130,100,856,0
file_A,A,644,S,0.03504,-0.35129,False,0.35304,100,856,0
file_A,A,645,L,0.03469,-0.36075,False,0.34874,100,856,0
file_A,A,646,I,0.00162,-1.25473,False,0.00000,100,856,0
file_A,A,647,E,0.03127,-0.45320,False,0.35785,100,856,0
file_A,A,648,E,0.04475,-0.08879,False,0.54847,100,856,0
file_A,A,649,S,0.01498,-0.89357,False,0.17431,100,856,0
file_A,A,650,Q,0.00906,-1.05361,False,0.05320,100,856,0
file_A,A,651,N,0.03208,-0.43130,False,0.42528,100,856,0
file_A,A,652,Q,0.03806,-0.26965,False,0.47063,100,856,0
file_A,A,653,Q,0.01986,-0.76165,False,0.12157,100,856,0
file_A,A,654,E,0.03012,-0.48429,False,0.62481,100,856,0
file_A,A,655,K,0.05161,0.09665,False,0.60285,100,856,0
file_A,A,656,N,0.02462,-0.63297,False,0.42367,100,856,0
file_A,A,657,E,0.01849,-0.79869,False,0.30711,100,856,0
file_A,A,658,Q,0.05340,0.14504,False,0.59550,100,856,0
file_A,A,659,E,0.03252,-0.41941,False,0.42300,100,856,0
file_A,A,660,L,0.05126,0.08719,False,0.81508,100,856,0
file_A,A,661,L,0.06791,0.53729,False,0.88376,100,856,0
file_A,A,662,E,0.06928,0.57433,False,0.32358,100,856,0
file_A,A,663,L,0.05302,0.13477,False,0.87537,100,856,0
file_A,A,664,D,0.03771,-0.27911,False,0.66202,100,856,0
file_A,A,665,K,0.03902,-0.24369,False,0.42718,100,856,0
file_A,A,666,W,0.03047,-0.47483,False,0.69014,100,856,0
file_A,A,667,A,0.03245,-0.42130,False,0.45359,100,856,0
file_A,A,668,S,0.02693,-0.57053,False,0.49798,100,856,0
file_A,A,669,L,0.03850,-0.25775,False,0.78306,100,856,0
file_A,A,670,W,0.07565,0.74653,False,0.61214,100,856,0
file_A,A,671,N,0.03815,-0.26721,False,0.45453,100,856,0
file_A,A,672,W,0.04207,-0.16124,False,0.67818,100,856,0
file_A,A,673,F,0.12063,1.96248,True,0.56360,100,856,0
file_A,A,674,N,0.06561,0.47512,False,0.44977,100,856,0
file_A,A,675,I,0.09283,1.21096,False,0.76215,100,856,0
file_A,A,676,T,0.06636,0.49539,False,0.69755,100,856,0
file_A,A,677,N,0.03051,-0.47375,False,0.46564,100,856,0
file_A,A,678,W,0.03325,-0.39968,False,0.58626,100,856,0
file_A,A,679,L,0.02119,-0.72570,False,0.64943,100,856,0
file_A,A,680,W,0.04227,-0.15584,False,0.67844,100,856,0
file_A,A,681,Y,0.02923,-0.50835,False,0.62192,100,856,0
file_A,A,682,I,0.00898,-1.05577,False,0.35198,100,856,0
file_A,A,683,K,0.01389,-0.92304,False,0.62981,100,856,0
file_A,A,684,L,0.00980,-1.03360,False,0.32868,100,856,0
file_A,A,685,F,0.01314,-0.94331,False,0.69532,100,856,0
file_A,A,686,I,0.01804,-0.81085,False,0.67284,100,856,0
file_A,A,687,M,0.01886,-0.78868,False,0.61684,100,856,0
file_A,A,688,I,0.00947,-1.04252,False,0.57928,100,856,0
file_A,A,689,V,0.00727,-1.10200,False,0.42558,100,856,0
file_A,A,690,G,0.02464,-0.63243,False,0.47988,100,856,0
file_A,A,691,G,0.01724,-0.83248,False,0.47735,100,856,0
file_A,A,692,L,0.01907,-0.78301,False,0.60860,100,856,0
file_A,A,693,V,0.01233,-0.96521,False,0.55220,100,856,0
file_A,A,694,G,0.01839,-0.80139,False,0.34324,100,856,0
file_A,A,695,L,0.02196,-0.70488,False,0.59039,100,856,0
file_A,A,696,R,0.02035,-0.74840,False,0.74468,100,856,0
file_A,A,697,I,0.01291,-0.94953,False,0.59357,100,856,0
file_A,A,698,V,0.01610,-0.86329,False,0.59931,100,856,0
file_A,A,699,F,0.02459,-0.63378,False,0.63516,100,856,0
file_A,A,700,A,0.02201,-0.70353,False,0.43748,100,856,0
file_A,A,701,V,0.02689,-0.57161,False,0.56077,100,856,0
file_A,A,702,L,0.02101,-0.73056,False,0.54078,100,856,0
file_A,A,703,S,0.02461,-0.63324,False,0.45016,100,856,0
file_A,A,704,I,0.02949,-0.50132,False,0.59837,100,856,0
file_A,A,705,V,0.01992,-0.76003,False,0.47769,100,856,0
file_A,A,706,N,0.01559,-0.87708,False,0.49947,100,856,0
file_A,A,707,R,0.04755,-0.01310,False,0.79368,100,856,0
file_A,A,708,V,0.03618,-0.32047,False,0.80807,100,856,0
file_A,A,709,R,0.09462,1.25935,False,0.84467,100,856,0
file_A,A,710,Q,0.03697,-0.29911,False,0.69757,100,856,0
file_A,A,711,G,0.06529,0.46647,False,0.67696,100,856,0
file_A,A,712,Y,0.04361,-0.11961,False,1.00040,100,856,0
file_A,A,713,S,0.05583,0.21073,False,0.78597,100,856,0
file_A,A,714,P,0.06466,0.44944,False,0.90639,100,856,0
file_A,A,715,L,0.05484,0.18397,False,0.97802,100,856,0
file_A,A,716,S,0.04852,0.01312,False,0.75032,100,856,0
file_A,A,717,F,0.03700,-0.29830,False,0.99345,100,856,0
file_A,A,718,Q,0.04174,-0.17016,False,0.77340,100,856,0
file_A,A,719,T,0.02917,-0.50997,False,0.90409,100,856,0
file_A,A,720,H,0.05554,0.20289,False,0.97497,100,856,0
file_A,A,721,L,0.05436,0.17099,False,0.94456,100,856,0
file_A,A,722,P,0.05816,0.27372,False,0.90332,100,856,0
file_A,A,723,T,0.05014,0.05691,False,0.88518,100,856,0
file_A,A,724,P,0.08478,0.99334,False,0.99270,100,856,0
file_A,A,725,R,0.07033,0.60271,False,0.95779,100,856,0
file_A,A,726,G,0.05264,0.12450,False,0.76418,100,856,0
file_A,A,727,P,0.07642,0.76735,False,0.89951,100,856,0
file_A,A,728,D,0.05487,0.18478,False,0.81882,100,856,0
file_A,A,729,R,0.07694,0.78140,False,0.92493,100,856,0
file_A,A,730,P,0.04669,-0.03635,False,0.94622,100,856,0
file_A,A,731,E,0.05378,0.15532,False,0.87710,100,856,0
file_A,A,732,G,0.06579,0.47998,False,0.92659,100,856,0
file_A,A,733,I,0.05829,0.27723,False,0.91669,100,856,0
file_A,A,734,E,0.05166,0.09801,False,0.80117,100,856,0
file_A,A,735,E,0.09822,1.35667,False,0.87513,100,856,0
file_A,A,736,E,0.02768,-0.55025,False,0.88897,100,856,0
file_A,A,737,G,0.04802,-0.00040,False,1.05939,100,856,0
file_A,A,738,G,0.07151,0.63461,False,0.87799,100,856,0
file_A,A,739,E,0.04382,-0.11393,False,0.84548,100,856,0
file_A,A,740,R,0.04963,0.04313,False,0.84263,100,856,0
file_A,A,741,D,0.04016,-0.21288,False,0.76028,100,856,0
file_A,A,742,R,0.07126,0.62786,False,0.81728,100,856,0
file_A,A,743,D,0.04086,-0.19395,False,0.92516,100,856,0
file_A,A,744,R,0.09182,1.18366,False,0.82198,100,856,0
file_A,A,745,S,0.03270,-0.41454,False,0.81555,100,856,0
file_A,A,746,I,0.04484,-0.08636,False,0.99052,100,856,0
file_A,A,747,R,0.05367,0.15234,False,0.91230,100,856,0
file_A,A,748,L,0.06828,0.54730,False,0.94895,100,856,0
file_A,A,749,V,0.02682,-0.57350,False,0.86184,100,856,0
file_A,A,750,N,0.08584,1.02200,False,0.93175,100,856,0
file_A,A,751,G,0.05421,0.16694,False,0.45014,100,856,0
file_A,A,752,S,0.04313,-0.13259,False,0.65664,100,856,0
file_A,A,753,L,0.04967,0.04421,False,0.87694,100,856,0
file_A,A,754,A,0.01077,-1.00738,False,0.26837,100,856,0
file_A,A,755,L,0.04943,0.03772,False,0.84597,100,856,0
file_A,A,756,I,0.01965,-0.76733,False,0.58685,100,856,0
file_A,A,757,W,0.02978,-0.49348,False,0.72721,100,856,0
file_A,A,758,D,0.03916,-0.23991,False,0.51956,100,856,0
file_A,A,759,D,0.01405,-0.91871,False,0.57525,100,856,0
file_A,A,760,L,0.01709,-0.83653,False,0.59578,100,856,0
file_A,A,761,R,0.03529,-0.34453,False,0.53515,100,856,0
file_A,A,762,S,0.01949,-0.77165,False,0.48153,100,856,0
file_A,A,763,L,0.01515,-0.88898,False,0.67491,100,856,0
file_A,A,764,C,0.00919,-1.05009,False,0.55625,100,856,0
file_A,A,765,L,0.03047,-0.47483,False,0.51344,100,856,0
file_A,A,766,F,0.01425,-0.91331,False,0.72563,100,856,0
file_A,A,767,S,0.00590,-1.13903,False,0.32586,100,856,0
file_A,A,768,Y,0.01524,-0.88654,False,0.55191,100,856,0
file_A,A,769,H,0.02293,-0.67866,False,0.57695,100,856,0
file_A,A,770,R,0.03641,-0.31425,False,0.49687,100,856,0
file_A,A,771,L,0.00973,-1.03550,False,0.62898,100,856,0
file_A,A,772,R,0.01250,-0.96061,False,0.48424,100,856,0
file_A,A,773,D,0.01274,-0.95413,False,0.37922,100,856,0
file_A,A,774,L,0.01652,-0.85194,False,0.55796,100,856,0
file_A,A,775,L,0.00860,-1.06604,False,0.64590,100,856,0
file_A,A,776,L,0.02556,-0.60756,False,0.59668,100,856,0
file_A,A,777,I,0.01689,-0.84194,False,0.48126,100,856,0
file_A,A,778,V,0.01063,-1.01117,False,0.47604,100,856,0
file_A,A,779,T,0.03220,-0.42806,False,0.45189,100,856,0
file_A,A,780,R,0.07572,0.74842,False,0.75117,100,856,0
file_A,A,781,I,0.02483,-0.62729,False,0.55072,100,856,0
file_A,A,782,V,0.01211,-0.97116,False,0.62464,100,856,0
file_A,A,783,E,0.02574,-0.60269,False,0.65367,100,856,0
file_A,A,784,L,0.04807,0.00096,False,0.92094,100,856,0
file_A,A,785,L,0.04021,-0.21152,False,0.69734,100,856,0
file_A,A,786,G,0.02068,-0.73948,False,0.20932,100,856,0
file_A,A,787,R,0.16664,3.20628,True,0.86945,100,856,0
file_A,A,788,R,0.08431,0.98064,False,0.80369,100,856,0
file_A,A,789,G,0.02211,-0.70083,False,0.08922,100,856,0
file_A,A,790,W,0.03618,-0.32047,False,0.72537,100,856,0
file_A,A,791,E,0.02855,-0.52673,False,0.56587,100,856,0
file_A,A,792,A,0.04345,-0.12394,False,0.45948,100,856,0
file_A,A,793,L,0.01553,-0.87870,False,0.67586,100,856,0
file_A,A,794,K,0.01802,-0.81139,False,0.58997,100,856,0
file_A,A,795,Y,0.04782,-0.00580,False,0.76018,100,856,0
file_A,A,796,W,0.02080,-0.73624,False,0.83217,100,856,0
file_A,A,797,W,0.01236,-0.96440,False,0.66702,100,856,0
file_A,A,798,N,0.01790,-0.81463,False,0.58262,100,856,0
file_A,A,799,L,0.02099,-0.73110,False,0.63076,100,856,0
file_A,A,800,L,0.02428,-0.64216,False,0.66129,100,856,0
file_A,A,801,Q,0.01612,-0.86275,False,0.49905,100,856,0
file_A,A,802,Y,0.02669,-0.57701,False,0.56298,100,856,0
file_A,A,803,W,0.01908,-0.78274,False,0.41055,100,856,0
file_A,A,804,S,0.01163,-0.98413,False,0.45290,100,856,0
file_A,A,805,Q,0.02110,-0.72813,False,0.53931,100,856,0
file_A,A,806,E,0.02869,-0.52295,False,0.38031,100,856,0
file_A,A,807,L,0.01597,-0.86681,False,0.72889,100,856,0
file_A,A,808,K,0.01318,-0.94223,False,0.67934,100,856,0
file_A,A,809,N,0.02889,-0.51754,False,0.50451,100,856,0
file_A,A,810,S,0.02223,-0.69758,False,0.44448,100,856,0
file_A,A,811,A,0.00896,-1.05631,False,0.47156,100,856,0
file_A,A,812,V,0.01296,-0.94818,False,0.53602,100,856,0
file_A,A,813,S,0.01985,-0.76192,False,0.48566,100,856,0
file_A,A,814,L,0.01558,-0.87735,False,0.68504,100,856,0
file_A,A,815,L,0.01243,-0.96251,False,0.70236,100,856,0
file_A,A,816,N,0.01587,-0.86951,False,0.50686,100,856,0
file_A,A,817,A,0.01286,-0.95088,False,0.54452,100,856,0
file_A,A,818,T,0.01646,-0.85356,False,0.42348,100,856,0
file_A,A,819,A,0.01646,-0.85356,False,0.54141,100,856,0
file_A,A,820,I,0.02156,-0.71569,False,0.68195,100,856,0
file_A,A,821,A,0.03869,-0.25262,False,0.62766,100,856,0
file_A,A,822,V,0.02042,-0.74651,False,0.64526,100,856,0
file_A,A,823,A,0.00809,-1.07983,False,0.46553,100,856,0
file_A,A,824,E,0.02437,-0.63973,False,0.58419,100,856,0
file_A,A,825,G,0.03878,-0.25018,False,0.39768,100,856,0
file_A,A,826,T,0.01974,-0.76489,False,0.42308,100,856,0
file_A,A,827,D,0.02450,-0.63622,False,0.59546,100,856,0
file_A,A,828,R,0.07049,0.60704,False,0.68643,100,856,0
file_A,A,829,V,0.01592,-0.86816,False,0.65026,100,856,0
file_A,A,830,I,0.01253,-0.95980,False,0.51358,100,856,0
file_A,A,831,E,0.01771,-0.81977,False,0.65561,100,856,0
file_A,A,832,V,0.01913,-0.78138,False,0.75243,100,856,0
file_A,A,833,V,0.01151,-0.98738,False,0.56623,100,856,0
file_A,A,834,Q,0.01110,-0.99846,False,0.41453,100,856,0
file_A,A,835,G,0.02640,-0.58485,False,0.43424,100,856,0
file_A,A,836,A,0.01752,-0.82491,False,0.46323,100,856,0
file_A,A,837,C,0.00920,-1.04982,False,0.53251,100,856,0
file_A,A,838,R,0.02343,-0.66514,False,0.60354,100,856,0
file_A,A,839,A,0.02202,-0.70326,False,0.59781,100,856,0
file_A,A,840,I,0.02105,-0.72948,False,0.70517,100,856,0
file_A,A,841,R,0.05930,0.30454,False,0.86392,100,856,0
file_A,A,842,H,0.06440,0.44241,False,0.82834,100,856,0
file_A,A,843,I,0.04354,-0.12150,False,0.57113,100,856,0
file_A,A,844,P,0.09048,1.14743,False,0.71837,100,856,0
file_A,A,845,R,0.11084,1.69783,True,0.84620,100,856,0
file_A,A,846,R,0.09928,1.38532,False,0.87221,100,856,0
file_A,A,847,I,0.04550,-0.06852,False,0.71249,100,856,0
file_A,A,848,R,0.05549,0.20154,False,0.71124,100,856,0
file_A,A,849,Q,0.04960,0.04232,False,0.67282,100,856,0
file_A,A,850,G,0.03473,-0.35967,False,0.37824,100,856,0
file_A,A,851,L,0.02496,-0.62378,False,0.66010,100,856,0
file_A,A,852,E,0.02770,-0.54971,False,0.51172,100,856,0
file_A,A,853,R,0.03715,-0.29425,False,0.83555,100,856,0
file_A,A,854,I,0.03678,-0.30425,False,0.84526,100,856,0
file_A,A,855,L,0.03725,-0.29154,False,0.88113,100,856,0
file_A,A,856,L,0.01755,-0.82410,False,1.25685,100,856,0
