position,ref,SurfaceAccessibility
1,M,0.2562
2,F,0.0817
3,V,0.1046
4,F,0.0381
5,L,0.05
6,V,0.0751
7,L,0.0515
8,L,0.0501
9,P,0.1496
10,L,0.1615
11,V,0.128
12,S,0.2857
13,S,0.3519
14,Q,0.4687
15,C,0.2088
16,V,0.2162
17,N,0.4697
18,L,0.0846
19,T,0.3891
20,T,0.3909
21,R,0.3824
22,T,0.3877
23,Q,0.4609
24,L,0.1274
25,P,0.2524
26,P,0.4353
27,A,0.2531
28,Y,0.1596
29,T,0.3634
30,N,0.3381
31,S,0.2842
32,F,0.168
33,T,0.269
34,R,0.2897
35,G,0.0888
36,V,0.074
37,Y,0.1147
38,Y,0.1424
39,P,0.2431
40,D,0.4274
41,K,0.3593
42,V,0.1579
43,F,0.0717
44,R,0.2936
45,S,0.084
46,S,0.0945
47,V,0.099
48,L,0.0918
49,H,0.2644
50,S,0.1894
51,T,0.4046
52,Q,0.3675
53,D,0.3043
54,L,0.0457
55,F,0.1115
56,L,0.0157
57,P,0.0842
58,F,0.0631
59,F,0.0853
60,S,0.2139
61,N,0.485
62,V,0.1379
63,T,0.3026
64,W,0.1657
65,F,0.0497
66,H,0.1179
67,A,0.0253
68,I,0.0121
69,H,0.1577
70,V,0.0438
71,S,0.2441
72,G,0.2831
73,T,0.4781
74,N,0.5895
75,G,0.2884
76,T,0.3806
77,K,0.3084
78,R,0.404
79,F,0.0894
80,D,0.4468
81,N,0.2715
82,P,0.299
83,V,0.2273
84,L,0.1245
85,P,0.2911
86,F,0.1106
87,N,0.436
88,D,0.3217
89,G,0.095
90,V,0.0287
91,Y,0.0582
92,F,0.0221
93,A,0.0322
94,S,0.0996
95,T,0.2835
96,E,0.4534
97,K,0.5235
98,S,0.276
99,N,0.3304
100,I,0.1132
101,I,0.0476
102,R,0.1924
103,G,0.0225
104,W,0.0205
105,I,0.0111
106,F,0.0378
107,G,0.0783
108,T,0.1569
109,T,0.2429
110,L,0.2306
111,D,0.4321
112,S,0.4287
113,K,0.5173
114,T,0.263
115,Q,0.1748
116,S,0.0349
117,L,0.0067
118,L,0.0084
119,I,0.0059
120,V,0.0167
121,N,0.1194
122,N,0.4642
123,A,0.4517
124,T,0.4291
125,N,0.3091
126,V,0.1643
127,V,0.1243
128,I,0.0509
129,K,0.1971
130,V,0.0557
131,C,0.0602
132,E,0.3545
133,F,0.0778
134,Q,0.3904
135,F,0.1584
136,C,0.1293
137,N,0.4508
138,D,0.2676
139,P,0.2407
140,F,0.0928
141,L,0.0431
142,G,0.0203
143,V,0.0164
144,Y,0.0458
145,Y,0.0719
146,H,0.1364
147,K,0.3998
148,N,0.4011
149,N,0.5162
150,K,0.481
151,S,0.2776
152,W,0.1061
153,M,0.1749
154,E,0.2878
155,S,0.0758
156,E,0.2332
157,F,0.0165
158,R,0.1951
159,V,0.0244
160,Y,0.1166
161,S,0.0935
162,S,0.2685
163,A,0.394
164,N,0.5116
165,N,0.5306
166,C,0.0879
167,T,0.3444
168,F,0.0762
169,E,0.3208
170,Y,0.1866
171,V,0.099
172,S,0.2094
173,Q,0.2453
174,P,0.2063
175,F,0.0623
176,L,0.1287
177,M,0.089
178,D,0.2596
179,L,0.1082
180,E,0.4615
181,G,0.3732
182,K,0.453
183,Q,0.4809
184,G,0.2302
185,N,0.393
186,F,0.0793
187,K,0.4399
188,N,0.2561
189,L,0.0629
190,R,0.2982
191,E,0.1897
192,F,0.0212
193,V,0.046
194,F,0.0366
195,K,0.3234
196,N,0.2539
197,I,0.3275
198,D,0.5347
199,G,0.2312
200,Y,0.1692
201,F,0.0369
202,K,0.1616
203,I,0.0124
204,Y,0.1223
205,S,0.0647
206,K,0.4278
207,H,0.3782
208,T,0.23
209,P,0.3078
210,I,0.1211
211,N,0.2448
212,L,0.0708
213,V,0.1885
214,R,0.3562
215,D,0.4279
216,L,0.1073
217,P,0.313
218,Q,0.5149
219,G,0.2952
220,F,0.0969
221,S,0.2167
222,A,0.1394
223,L,0.0947
224,E,0.2415
225,P,0.2072
226,L,0.1122
227,V,0.1875
228,D,0.4191
229,L,0.079
230,P,0.2607
231,I,0.4101
232,G,0.3088
233,I,0.1209
234,N,0.4349
235,I,0.1039
236,T,0.3264
237,R,0.2896
238,F,0.0538
239,Q,0.2263
240,T,0.087
241,L,0.0136
242,L,0.013
243,A,0.0191
244,L,0.0245
245,H,0.1145
246,R,0.2146
247,S,0.1197
248,Y,0.1702
249,L,0.1223
250,T,0.2294
251,P,0.3645
252,G,0.4371
253,D,0.4627
254,S,0.4694
255,S,0.4617
256,S,0.3892
257,G,0.3043
258,W,0.0936
259,T,0.1948
260,A,0.0842
261,G,0.0767
262,A,0.0387
263,A,0.0246
264,A,0.0179
265,Y,0.0546
266,Y,0.0658
267,V,0.0535
268,G,0.066
269,Y,0.1785
270,L,0.1183
271,Q,0.2163
272,P,0.1627
273,R,0.1551
274,T,0.0201
275,F,0.0091
276,L,0.0069
277,L,0.0032
278,K,0.1631
279,Y,0.0725
280,N,0.2066
281,E,0.5786
282,N,0.6492
283,G,0.1698
284,T,0.397
285,I,0.081
286,T,0.3024
287,D,0.2782
288,A,0.1028
289,V,0.1118
290,D,0.2182
291,C,0.0298
292,A,0.2841
293,L,0.2432
294,D,0.3353
295,P,0.3931
296,L,0.4566
297,S,0.3782
298,E,0.5309
299,T,0.4317
300,K,0.476
301,C,0.0521
302,T,0.3358
303,L,0.1285
304,K,0.4246
305,S,0.2545
306,F,0.0585
307,T,0.2765
308,V,0.0902
309,E,0.397
310,K,0.459
311,G,0.1213
312,I,0.1279
313,Y,0.122
314,Q,0.2338
315,T,0.1407
316,S,0.2482
317,N,0.3512
318,F,0.0659
319,R,0.3154
320,V,0.0536
321,Q,0.2383
322,P,0.18
323,T,0.2898
324,E,0.3791
325,S,0.1299
326,I,0.0567
327,V,0.0524
328,R,0.2292
329,F,0.0434
330,P,0.1713
331,N,0.4494
332,I,0.0995
333,T,0.4194
334,N,0.3725
335,L,0.1713
336,C,0.0597
337,P,0.2165
338,F,0.2383
339,G,0.1969
340,E,0.2603
341,V,0.1487
342,F,0.0761
343,N,0.3612
344,A,0.1183
345,T,0.2982
346,R,0.2446
347,F,0.0711
348,A,0.0577
349,S,0.0584
350,V,0.0277
351,Y,0.09
352,A,0.0546
353,W,0.1484
354,N,0.2454
355,R,0.3316
356,K,0.392
357,R,0.3552
358,I,0.1282
359,S,0.3006
360,N,0.3575
361,C,0.0638
362,V,0.2416
363,A,0.1257
364,D,0.2758
365,Y,0.1056
366,S,0.0955
367,V,0.0707
368,L,0.0815
369,Y,0.1465
370,N,0.3015
371,S,0.304
372,A,0.3531
373,S,0.3286
374,F,0.1626
375,S,0.2387
376,T,0.1955
377,F,0.0675
378,K,0.2755
379,C,0.0342
380,Y,0.2131
381,G,0.1898
382,V,0.2062
383,S,0.2785
384,P,0.3176
385,T,0.4317
386,K,0.4279
387,L,0.1246
388,N,0.4146
389,D,0.2633
390,L,0.079
391,C,0.0574
392,F,0.0742
393,T,0.1539
394,N,0.214
395,V,0.1175
396,Y,0.2292
397,A,0.1128
398,D,0.2128
399,S,0.0365
400,F,0.0262
401,V,0.0408
402,I,0.0331
403,R,0.28
404,G,0.2816
405,D,0.4767
406,E,0.3218
407,V,0.0617
408,R,0.2708
409,Q,0.2576
410,I,0.0697
411,A,0.1985
412,P,0.4851
413,G,0.5016
414,Q,0.3728
415,T,0.4593
416,G,0.171
417,K,0.4213
418,I,0.0707
419,A,0.2058
420,D,0.3497
421,Y,0.1696
422,N,0.4013
423,Y,0.1417
424,K,0.4725
425,L,0.093
426,P,0.2927
427,D,0.6027
428,D,0.5151
429,F,0.0787
430,T,0.2865
431,G,0.0737
432,C,0.0122
433,V,0.0152
434,I,0.0069
435,A,0.0197
436,W,0.0348
437,N,0.1862
438,S,0.1787
439,N,0.4383
440,N,0.3837
441,L,0.2074
442,D,0.4199
443,S,0.28
444,K,0.4635
445,V,0.228
446,G,0.3667
447,G,0.3263
448,N,0.3689
449,Y,0.1925
450,N,0.1708
451,Y,0.0817
452,L,0.0218
453,Y,0.033
454,R,0.0782
455,L,0.0096
456,F,0.033
457,R,0.2094
458,K,0.3159
459,S,0.3366
460,N,0.4848
461,L,0.2323
462,K,0.444
463,P,0.3312
464,F,0.1592
465,E,0.4117
466,R,0.3353
467,D,0.376
468,I,0.1302
469,S,0.2479
470,T,0.21
471,E,0.3022
472,I,0.0643
473,Y,0.1595
474,Q,0.2965
475,A,0.2234
476,G,0.3811
477,S,0.3938
478,T,0.3707
479,P,0.3906
480,C,0.0927
481,N,0.499
482,G,0.3442
483,V,0.2814
484,E,0.5415
485,G,0.3559
486,F,0.1687
487,N,0.2373
488,C,0.0256
489,Y,0.1613
490,F,0.0408
491,P,0.1383
492,L,0.0553
493,Q,0.2175
494,S,0.1197
495,Y,0.1417
496,G,0.1315
497,F,0.0991
498,Q,0.248
499,P,0.2186
500,T,0.3496
501,N,0.5141
502,G,0.3728
503,V,0.3506
504,G,0.3098
505,Y,0.2314
506,Q,0.2336
507,P,0.1415
508,Y,0.0923
509,R,0.114
510,V,0.0073
511,V,0.0066
512,V,0.0108
513,L,0.0085
514,S,0.0323
515,F,0.0346
516,E,0.209
517,L,0.1029
518,L,0.1365
519,H,0.2782
520,A,0.0859
521,P,0.2279
522,A,0.0782
523,T,0.1749
524,V,0.0568
525,C,0.0652
526,G,0.0909
527,P,0.2422
528,K,0.4419
529,K,0.466
530,S,0.2055
531,T,0.3434
532,N,0.2397
533,L,0.1694
534,V,0.2009
535,K,0.4513
536,N,0.3212
537,K,0.3295
538,C,0.0701
539,V,0.1023
540,N,0.2189
541,F,0.0437
542,N,0.301
543,F,0.0751
544,N,0.4243
545,G,0.2902
546,L,0.1635
547,T,0.365
548,G,0.1115
549,T,0.1915
550,G,0.0293
551,V,0.0793
552,L,0.0493
553,T,0.1375
554,E,0.3523
555,S,0.4193
556,N,0.4668
557,K,0.4423
558,K,0.4194
559,F,0.0971
560,L,0.0918
561,P,0.1026
562,F,0.048
563,Q,0.1604
564,Q,0.1955
565,F,0.1394
566,G,0.2125
567,R,0.3862
568,D,0.3677
569,I,0.1164
570,A,0.2642
571,D,0.411
572,T,0.1734
573,T,0.191
574,D,0.0649
575,A,0.0211
576,V,0.0171
577,R,0.1476
578,D,0.0547
579,P,0.2445
580,Q,0.5682
581,T,0.3643
582,L,0.2373
583,E,0.4095
584,I,0.1001
585,L,0.1489
586,D,0.3022
587,I,0.0692
588,T,0.2125
589,P,0.226
590,C,0.0685
591,S,0.1862
592,F,0.1006
593,G,0.1756
594,G,0.112
595,V,0.026
596,S,0.0259
597,V,0.0284
598,I,0.0392
599,T,0.0927
600,P,0.2466
601,G,0.302
602,T,0.441
603,N,0.5164
604,T,0.4245
605,S,0.4525
606,N,0.3196
607,Q,0.2186
608,V,0.0408
609,A,0.0103
610,V,0.0126
611,L,0.0101
612,Y,0.0422
613,Q,0.104
614,D,0.2131
615,V,0.2952
616,N,0.6216
617,C,0.2182
618,T,0.4649
619,E,0.4324
620,V,0.1617
621,P,0.268
622,V,0.0601
623,A,0.1243
624,I,0.0438
625,H,0.2569
626,A,0.1374
627,D,0.4336
628,Q,0.4103
629,L,0.1969
630,T,0.248
631,P,0.2211
632,T,0.2317
633,W,0.0594
634,R,0.1881
635,V,0.0525
636,Y,0.1119
637,S,0.183
638,T,0.3792
639,G,0.4409
640,S,0.3637
641,N,0.244
642,V,0.095
643,F,0.0434
644,Q,0.1528
645,T,0.066
646,R,0.3616
647,A,0.2813
648,G,0.1444
649,C,0.0412
650,L,0.1171
651,I,0.0642
652,G,0.1077
653,A,0.0907
654,E,0.3542
655,H,0.2719
656,V,0.1759
657,N,0.5729
658,N,0.4351
659,S,0.4293
660,Y,0.2792
661,E,0.4594
662,C,0.1008
663,D,0.4641
664,I,0.1079
665,P,0.2963
666,I,0.2717
667,G,0.2617
668,A,0.2066
669,G,0.2044
670,I,0.1166
671,C,0.0861
672,A,0.3159
673,S,0.3414
674,Y,0.2462
675,Q,0.4642
676,T,0.5103
677,Q,0.5356
678,T,0.5745
679,N,0.6638
680,S,0.486
681,P,0.5721
682,R,0.486
683,R,0.4975
684,A,0.499
685,R,0.4742
686,S,0.5893
687,V,0.4696
688,A,0.6004
689,S,0.5843
690,Q,0.5197
691,S,0.4219
692,I,0.3015
693,I,0.2359
694,A,0.2742
695,Y,0.2252
696,T,0.3477
697,M,0.2218
698,S,0.4038
699,L,0.3859
700,G,0.4367
701,A,0.4949
702,E,0.5567
703,N,0.4363
704,S,0.3732
705,V,0.2247
706,A,0.322
707,Y,0.2652
708,S,0.3705
709,N,0.6134
710,N,0.4526
711,S,0.447
712,I,0.1854
713,A,0.468
714,I,0.1559
715,P,0.3019
716,T,0.6016
717,N,0.5778
718,F,0.1443
719,T,0.4688
720,I,0.1483
721,S,0.4739
722,V,0.2071
723,T,0.4669
724,T,0.2908
725,E,0.4668
726,I,0.2842
727,L,0.2642
728,P,0.4802
729,V,0.1644
730,S,0.4714
731,M,0.2336
732,T,0.4952
733,K,0.5541
734,T,0.2617
735,S,0.5012
736,V,0.1024
737,D,0.423
738,C,0.0094
739,T,0.3127
740,M,0.4036
741,Y,0.1391
742,I,0.0713
743,C,0.0685
744,G,0.4349
745,D,0.6559
746,S,0.2658
747,T,0.4587
748,E,0.4482
749,C,0.016
750,S,0.1827
751,N,0.4225
752,L,0.0546
753,L,0.0112
754,L,0.2773
755,Q,0.3685
756,Y,0.0654
757,G,0.15
758,S,0.3068
759,F,0.1251
760,C,0.0091
761,T,0.3452
762,Q,0.3144
763,L,0.0281
764,N,0.2657
765,R,0.4511
766,A,0.136
767,L,0.0921
768,T,0.3792
769,G,0.3419
770,I,0.1996
771,A,0.2525
772,V,0.3381
773,E,0.4392
774,Q,0.3342
775,D,0.3035
776,K,0.4769
777,N,0.4207
778,T,0.2276
779,Q,0.4279
780,E,0.456
781,V,0.1894
782,F,0.1636
783,A,0.4217
784,Q,0.4344
785,V,0.1509
786,K,0.4609
787,Q,0.5065
788,I,0.3327
789,Y,0.3512
790,K,0.5899
791,T,0.4273
792,P,0.4158
793,P,0.5573
794,I,0.3096
795,K,0.5779
796,D,0.5985
797,F,0.2648
798,G,0.5349
799,G,0.5623
800,F,0.2149
801,N,0.5553
802,F,0.2243
803,S,0.5134
804,Q,0.5783
805,I,0.2719
806,L,0.2872
807,P,0.4957
808,D,0.6017
809,P,0.5372
810,S,0.5805
811,K,0.5805
812,P,0.5113
813,S,0.5468
814,K,0.6474
815,R,0.4632
816,S,0.3702
817,F,0.2593
818,I,0.1936
819,E,0.2266
820,D,0.442
821,L,0.2522
822,L,0.171
823,F,0.2069
824,N,0.551
825,K,0.5742
826,V,0.2632
827,T,0.4801
828,L,0.3808
829,A,0.4752
830,D,0.515
831,A,0.4427
832,G,0.3371
833,F,0.2724
834,I,0.2938
835,K,0.5111
836,Q,0.4808
837,Y,0.2526
838,G,0.453
839,D,0.5343
840,C,0.142
841,L,0.4757
842,G,0.5165
843,D,0.5018
844,I,0.2496
845,A,0.4424
846,A,0.205
847,R,0.3314
848,D,0.3002
849,L,0.1963
850,I,0.136
851,C,0.0262
852,A,0.2058
853,Q,0.2324
854,K,0.4563
855,F,0.1406
856,N,0.5013
857,G,0.3888
858,L,0.1581
859,T,0.2827
860,V,0.1957
861,L,0.077
862,P,0.105
863,P,0.4242
864,L,0.3342
865,L,0.0943
866,T,0.4152
867,D,0.5184
868,E,0.522
869,M,0.209
870,I,0.1405
871,A,0.3792
872,Q,0.4257
873,Y,0.1391
874,T,0.1726
875,S,0.3372
876,A,0.2184
877,L,0.1539
878,L,0.1855
879,A,0.2228
880,G,0.2279
881,T,0.1786
882,I,0.1849
883,T,0.2417
884,S,0.2168
885,G,0.1887
886,W,0.2116
887,T,0.2333
888,F,0.1958
889,G,0.2226
890,A,0.2368
891,G,0.1779
892,A,0.1221
893,A,0.2445
894,L,0.2217
895,Q,0.0979
896,I,0.1447
897,P,0.1911
898,F,0.1592
899,A,0.068
900,M,0.2582
901,Q,0.1616
902,M,0.0321
903,A,0.1061
904,Y,0.228
905,R,0.1275
906,F,0.049
907,N,0.2552
908,G,0.1835
909,I,0.0428
910,G,0.0934
911,V,0.1514
912,T,0.0613
913,Q,0.0476
914,N,0.2384
915,V,0.1027
916,L,0.0204
917,Y,0.2534
918,E,0.4055
919,N,0.1269
920,Q,0.0731
921,K,0.4436
922,L,0.2646
923,I,0.0395
924,A,0.1185
925,N,0.4855
926,Q,0.3378
927,F,0.0658
928,N,0.4037
929,S,0.428
930,A,0.0248
931,I,0.0477
932,G,0.4016
933,K,0.4536
934,I,0.0622
935,Q,0.2884
936,D,0.4464
937,S,0.105
938,L,0.1203
939,S,0.4793
940,S,0.3176
941,T,0.094
942,A,0.2848
943,S,0.4503
944,A,0.1412
945,L,0.1251
946,G,0.4488
947,K,0.4602
948,L,0.0492
949,Q,0.2419
950,D,0.4544
951,V,0.1504
952,V,0.114
953,N,0.375
954,Q,0.4702
955,N,0.0813
956,A,0.2309
957,Q,0.4871
958,A,0.1567
959,L,0.1226
960,N,0.3893
961,T,0.3966
962,L,0.0449
963,V,0.2403
964,K,0.5434
965,Q,0.2703
966,L,0.1745
967,S,0.3612
968,S,0.4711
969,N,0.2895
970,F,0.1511
971,G,0.437
972,A,0.3123
973,I,0.1244
974,S,0.2606
975,S,0.4578
976,V,0.2303
977,L,0.0547
978,N,0.4473
979,D,0.3448
980,I,0.012
981,L,0.2114
982,S,0.4628
983,R,0.2171
984,L,0.0477
985,D,0.3881
986,K,0.4576
987,V,0.0673
988,E,0.2229
989,A,0.1774
990,E,0.2503
991,V,0.1885
992,Q,0.281
993,I,0.0608
994,D,0.1904
995,R,0.3561
996,L,0.1864
997,I,0.0167
998,T,0.2488
999,G,0.2495
1000,R,0.1567
1001,L,0.0469
1002,Q,0.3884
1003,S,0.1968
1004,L,0.0032
1005,Q,0.1937
1006,T,0.2807
1007,Y,0.1635
1008,V,0.0201
1009,T,0.2965
1010,Q,0.345
1011,Q,0.1555
1012,L,0.1671
1013,I,0.3267
1014,R,0.3799
1015,A,0.0697
1016,A,0.3169
1017,E,0.3718
1018,I,0.0994
1019,R,0.3485
1020,A,0.3404
1021,S,0.1522
1022,A,0.0577
1023,N,0.4464
1024,L,0.3311
1025,A,0.0143
1026,A,0.1677
1027,T,0.4421
1028,K,0.3883
1029,M,0.015
1030,S,0.2821
1031,E,0.4569
1032,C,0.0503
1033,V,0.0365
1034,L,0.3842
1035,G,0.3529
1036,Q,0.2174
1037,S,0.2035
1038,K,0.5338
1039,R,0.3617
1040,V,0.1417
1041,D,0.4339
1042,F,0.2106
1043,C,0.0285
1044,G,0.1246
1045,K,0.4406
1046,G,0.1006
1047,Y,0.051
1048,H,0.0313
1049,L,0.0042
1050,M,0.0133
1051,S,0.0701
1052,F,0.0525
1053,P,0.1085
1054,Q,0.482
1055,S,0.4334
1056,A,0.0468
1057,P,0.2244
1058,H,0.2869
1059,G,0.0151
1060,V,0.0031
1061,V,0.0031
1062,F,0.0019
1063,L,0.002
1064,H,0.0046
1065,V,0.0032
1066,T,0.0533
1067,Y,0.0584
1068,V,0.2197
1069,P,0.2735
1070,A,0.3765
1071,Q,0.4363
1072,E,0.4351
1073,K,0.2402
1074,N,0.2876
1075,F,0.0211
1076,T,0.1823
1077,T,0.0107
1078,A,0.0534
1079,P,0.1586
1080,A,0.0038
1081,I,0.038
1082,C,0.0216
1083,H,0.2378
1084,D,0.6478
1085,G,0.5348
1086,K,0.3437
1087,A,0.0145
1088,H,0.068
1089,F,0.0991
1090,P,0.0131
1091,R,0.4506
1092,E,0.4592
1093,G,0.106
1094,V,0.0508
1095,F,0.0281
1096,V,0.0385
1097,S,0.1299
1098,N,0.4306
1099,G,0.5684
1100,T,0.489
1101,H,0.2179
1102,W,0.0386
1103,F,0.0818
1104,V,0.096
1105,T,0.1073
1106,Q,0.5035
1107,R,0.3963
1108,N,0.3949
1109,F,0.1519
1110,Y,0.1832
1111,E,0.3523
1112,P,0.2504
1113,Q,0.4244
1114,I,0.2967
1115,I,0.2934
1116,T,0.382
1117,T,0.4378
1118,D,0.5445
1119,N,0.3279
1120,T,0.1322
1121,F,0.065
1122,V,0.2035
1123,S,0.1881
1124,G,0.2664
1125,N,0.554
1126,C,0.0693
1127,D,0.476
1128,V,0.2101
1129,V,0.35
1130,I,0.1676
1131,G,0.2575
1132,I,0.2773
1133,V,0.1579
1134,N,0.5622
1135,N,0.4371
1136,T,0.3677
1137,V,0.3904
1138,Y,0.3089
1139,D,0.4752
1140,P,0.4539
1141,L,0.3475
1142,Q,0.4319
1143,P,0.4965
1144,E,0.4834
1145,L,0.2568
1146,D,0.5275
1147,S,0.4659
1148,F,0.1889
1149,K,0.4455
1150,E,0.5587
1151,E,0.4189
1152,L,0.1113
1153,D,0.4626
1154,K,0.5677
1155,Y,0.2809
1156,F,0.2552
1157,K,0.6573
1158,N,0.6837
1159,H,0.4434
1160,T,0.6118
1161,S,0.4606
1162,P,0.5058
1163,D,0.723
1164,V,0.371
1165,D,0.6688
1166,L,0.3478
1167,G,0.4676
1168,D,0.6609
1169,I,0.2228
1170,S,0.556
1171,G,0.5695
1172,I,0.1657
1173,N,0.5117
1174,A,0.4794
1175,S,0.3419
1176,V,0.1607
1177,V,0.4265
1178,N,0.5642
1179,I,0.1148
1180,Q,0.3402
1181,K,0.5763
1182,E,0.3381
1183,I,0.1021
1184,D,0.4686
1185,R,0.4793
1186,L,0.1231
1187,N,0.3883
1188,E,0.5163
1189,V,0.2999
1190,A,0.1465
1191,K,0.5333
1192,N,0.5168
1193,L,0.0952
1194,N,0.4882
1195,E,0.498
1196,S,0.2725
1197,L,0.1523
1198,I,0.4414
1199,D,0.4486
1200,L,0.1477
1201,Q,0.4252
1202,E,0.4443
1203,L,0.1919
1204,G,0.3144
1205,K,0.4954
1206,Y,0.2913
1207,E,0.3454
1208,Q,0.5142
1209,Y,0.2907
1210,I,0.2538
1211,K,0.5982
1212,W,0.2175
1213,P,0.2294
1214,W,0.0715
1215,Y,0.0632
1216,I,0.0535
1217,W,0.0524
1218,L,0.013
1219,G,0.0391
1220,F,0.0123
1221,I,0.0138
1222,A,0.0163
1223,G,0.0458
1224,L,0.0156
1225,I,0.0118
1226,A,0.0335
1227,I,0.0185
1228,V,0.0223
1229,M,0.0173
1230,V,0.0247
1231,T,0.0387
1232,I,0.0362
1233,M,0.0632
1234,L,0.0782
1235,C,0.1262
1236,C,0.18
1237,M,0.2232
1238,T,0.2994
1239,S,0.4007
1240,C,0.1224
1241,C,0.1641
1242,S,0.4308
1243,C,0.1992
1244,L,0.1212
1245,K,0.428
1246,G,0.4465
1247,C,0.1543
1248,C,0.1529
1249,S,0.4085
1250,C,0.1927
1251,G,0.3469
1252,S,0.4897
1253,C,0.2287
1254,C,0.2326
1255,K,0.6079
1256,F,0.4991
1257,D,0.6026
1258,E,0.5887
1259,D,0.5473
1260,D,0.5594
1261,S,0.4927
1262,E,0.4686
1263,P,0.4391
1264,V,0.3757
1265,L,0.3502
1266,K,0.5123
1267,G,0.459
1268,V,0.2492
1269,K,0.4809
1270,L,0.2358
1271,H,0.4136
1272,Y,0.3373
1273,T,0.4581
