position,disco_acc,max_epi_acc,rank_epi,rank_acc
1,0.05366,0.02267088304093567,6,579
2,0.09558,0.047054457142857144,337,760
3,0.04301,0.04730454545454545,343,492
4,0.08191,0.03617294217687075,115,716
5,0.07301,0.029805855654761904,39,681
6,0.07884,0.0580475,695,703
7,0.06281,0.04118298888888889,197,627
8,0.05298,0.0295661246031746,35,575
9,0.05783,0.028035913165266105,26,608
10,0.03598,0.031506783679283674,61,429
11,0.04567,0.029766190476190477,37,516
12,0.06994,0.03269228282828283,73,660
13,0.03999,0.02819551276065982,27,470
14,0.02831,0.036280439712334446,117,350
15,0.02727,0.023800983945191374,8,339
16,0.06829,0.03959849587726265,167,654
17,0.05842,0.02190445758335232,4,614
18,0.04125,0.040825692534016834,191,480
19,0.04445,0.041780969714624146,211,509
20,0.09146,0.03161149698339199,62,752
21,0.02744,0.03507773404935212,99,342
22,0.03251,0.031218420718525673,56,400
23,0.02768,0.03540271383636436,105,343.5
24,0.04347,0.03593541135673926,113,500
25,0.02322,0.04163973200508829,207,297
26,0.05085,0.03349975310938506,81,559
27,0.08913,0.03383176660109021,84,744
28,0.04973,0.03220650569015623,69,553
29,0.074,0.03538338606217794,103,684
30,0.07513,0.037616909255111596,135,690
31,0.05603,0.039356267983566895,163,599
32,0.07404,0.03265976837989124,72,686
33,0.07331,0.030913414664574014,52,682
34,0.04878,0.039884077325711635,171,541
35,0.03601,0.030894055337811168,51,430
36,0.00145,0.02936771413166112,33,11
37,0.00745,0.02976386673234292,36,81
38,0.00411,0.033014360151658276,75,48.5
39,0.01744,0.033018669824403886,76,219
40,0.0572,0.027062946198441906,21,604
41,0.01437,0.023972525773513043,10,181
42,0.00607,0.031890302994989614,65,68
43,0.00176,0.025015188309109683,12,18
44,0.00834,0.039193020403938385,160,91
45,0.01684,0.031496866430537555,60,210
46,0.04272,0.03638374822006536,119,490
47,0.06101,0.030649656688887684,49,621
48,0.02741,0.034347931553659554,91,341
49,0.05045,0.03312695301112644,77,556.5
50,0.02093,0.03556104875560096,107,262
51,0.03025,0.03405105542823606,88,371.5
52,0.00955,0.03486967224512758,96,109
53,0.04364,0.04441876429031584,261,504
54,0.01479,0.03353033489509079,82,184
55,0.0108,0.03626450433004304,116,129
56,0.0255,0.03874592182397734,151,318
57,0.11903,0.035400210929118874,104,792
58,0.01634,0.0388300019931907,154,202
59,0.1118,0.035253162367369674,102,784
60,0.124,0.03726036151473766,130,800
61,0.16787,0.03805021245242154,140,838
62,0.08701,0.0392296237091362,161,738
63,0.12107,0.041295365987118124,200,797
64,0.07877,0.03903790753685833,159,702
65,0.03071,0.03969329329339391,169,378
66,0.00725,0.0384575097246717,147,78
67,0.05422,0.04035855824090235,182,584
68,0.04774,0.048011687617882846,363,530
69,0.0469,0.04182133068507156,213,522
70,0.00433,0.038811916959178606,153,51.5
71,0.02623,0.03354705108139855,83,332
72,0.15802,0.038452093458503665,146,833
73,0.02071,0.043256891867800885,240,260
74,0.04007,0.04025149226180729,181,472
75,0.02156,0.048334444971082476,382,276.5
76,0.08964,0.0451732255863638,285,749
77,0.10972,0.04594373837447052,308,781
78,0.11346,0.052786162682575306,560,788
79,0.14789,0.04916326205248746,416,820
80,0.10421,0.050062142315323174,444,775
81,0.05218,0.06246285246232983,756,571
82,0.08745,0.05707010142328483,666,739
83,0.0557,0.05813533253725744,698,596
84,0.04486,0.06114234864681461,745,512
85,0.06371,0.06246364943662775,757,633
86,0.00917,0.05728469221518018,674,103
87,0.10762,0.05302903884178273,568,780
88,0.13046,0.04881668081779423,401,806
89,0.03139,0.058174707868819106,699,386
90,0.08354,0.050979841627118924,494,720
91,0.01028,0.053953896354597394,595,117
92,0.08921,0.05095149505885369,493,745
93,0.00738,0.050235705285701586,455,80
94,0.02894,0.05255396315362669,552,357
95,0.01099,0.05741730625330694,679,131
96,0.0397,0.04710097369535648,338,467
97,0.17276,0.04576898030937789,305,839
98,0.02564,0.04528410930905047,286,322
99,0.0431,0.05026004125666537,456,495
100,0.00509,0.044971399539493626,277,55
101,0.00578,0.0502191343603711,453,65
102,0.06109,0.04448466152422791,265,622
103,0.02573,0.04770297778309983,356,323
104,0.00123,0.047262374122373746,340,5
105,0.03041,0.0545751275456765,613,373
106,0.07556,0.03971946646110987,170,692
107,0.04923,0.044060406608847115,258,545
108,0.00432,0.041832193420306814,214,50
109,0.0258,0.04046966541067929,188,325
110,0.05096,0.044443500979490215,263,561
111,0.00906,0.050202548812944656,451,99.5
112,0.00506,0.0404448511695589,187,54
113,0.02313,0.04534419559086452,289,294
114,0.05735,0.0438742996223578,253,607
115,0.00299,0.045517878040258176,296,43
116,0.02004,0.04127095674679548,199,249
117,0.07181,0.0448253167070721,275,673
118,0.09424,0.051648639100771145,517,756
119,0.03113,0.04209085737134333,220,381
120,0.0711,0.046097683616907234,312,668
121,0.08658,0.04868785247985408,396,735
122,0.02775,0.053135400541792506,571,346
123,0.06766,0.05035109875014475,465,650
124,0.14876,0.05619363488173872,651,821
125,0.0284,0.054224692307567025,603,351
126,0.05125,0.04660000473740577,326,564
127,0.05266,0.048180155597486514,369,574
128,0.08885,0.054579049226229984,615,743
129,0.01252,0.05845191598872299,704,154.5
130,0.0809,0.05919504745351011,719,711
131,0.01055,0.07443984320222197,838,122
132,0.08806,0.07506084586740855,840,740
133,0.07547,0.08210205334328612,851,691
134,0.08933,0.06969432070113624,810,746
135,0.07159,0.0720708532815788,828,672
136,0.06882,0.05910072747651945,718,656
137,0.10023,0.0657834330567262,783,768
138,0.08614,0.06977613532273919,811,731
139,0.11312,0.07094559353925346,817,787
140,0.07342,0.07918088363763758,847,683
141,0.15125,0.08553022580586404,853,822
142,0.15681,0.07627942428852172,842,831
143,0.09688,0.08444429464544131,852,762
144,0.05116,0.07152245624481277,823,563
145,0.08564,0.07358530003270532,837,729
146,0.09983,0.06622724494844454,786,767
147,0.07129,0.06623203319030929,787,670
148,0.08342,0.07207278983135375,830,719
149,0.04118,0.07259790268887709,831,479
150,0.06642,0.06930141642955215,808,646
151,0.06175,0.07298819613969497,833,625
152,0.04788,0.08071643581406718,850,532
153,0.04704,0.08015895940271935,848,523
154,0.00984,0.07135765261412515,822,112
155,0.03178,0.0695884490524611,809,391
156,0.04573,0.07273806234483567,832,517
157,0.00297,0.07305325930652964,835,42
158,0.04511,0.06905402042332909,804,513
159,0.02116,0.07585277781887113,841,270
160,0.06113,0.0627741658840918,759,623
161,0.01741,0.05598506049688028,648,218
162,0.05943,0.050100878087115684,446,616
163,0.05501,0.05793787109931616,691,591
164,0.11965,0.05719481385322356,670,793
165,0.10637,0.06149043658817964,749,777
166,0.31337,0.06749436493217255,796,854
167,0.12756,0.06478044571820098,774,802
168,0.17975,0.06305665980374046,765,844
169,0.11632,0.06876886318412821,801,791
170,0.14524,0.06105147885415599,744,817
171,0.15145,0.07017171076730384,813,823
172,0.05562,0.059508776954488016,727,595
173,0.06879,0.05990564267521772,730,655
174,0.00998,0.05300527459440248,567,113
175,0.02136,0.05272810273839867,555,274
176,0.01593,0.053476948122081654,582,195
177,0.03392,0.05692295577004507,664,412
178,0.06321,0.05275652629215522,558,630.5
179,0.03862,0.05303535677167975,569,453
180,0.01303,0.055819446202033475,644,164
181,0.03006,0.05295087880077314,564,369
182,0.07403,0.049750241712788856,432,685
183,0.13913,0.04900484370795646,410,811
184,0.08005,0.05527376256535132,631,707
185,0.2246,0.060287712084181336,735,847
186,0.12541,0.05691539459805143,663,801
187,0.10673,0.05562251723505254,639,779
188,0.0888,0.047643165437337084,353,742
189,0.08324,0.05562129992480058,638,718
190,0.07038,0.06748716434010639,795,663
191,0.03423,0.069092884787040107,805,414.5
192,0.07439,0.059496616453909995,725,687
193,0.00691,0.057954102807970004,692,73
194,0.05613,0.05578864872691676,643,600
195,0.00912,0.059919117626726165,731,101
196,0.05092,0.05031720210571215,461,560
197,0.1025,0.05002055711225337,443,773
198,0.08616,0.046232592950085735,314,732
199,0.06602,0.04825631671953394,373,642
200,0.03173,0.04021134258506106,179,387
201,0.02319,0.04364917517654863,248,296
202,0.04308,0.04955619604796856,425,494
203,0.02847,0.04321010085816405,239,352
204,0.01353,0.048680091514948,394,172
205,0.01321,0.04182063676722112,212,169
206,0.05191,0.040054898841004105,174,570
207,0.03891,0.038757274429362006,152,459
208,0.04045,0.03900785826573279,158,476
209,0.05946,0.04214041746382272,221,618
210,0.01209,0.041833145112375264,215,146
211,0.1104,0.043695370164126265,249,782
212,0.02314,0.041351080295039984,201,295
213,0.05238,0.0380813763723985,142,572
214,0.04743,0.04439369172270797,260,525
215,0.01826,0.03798803714171343,139,230
216,0.04307,0.03929053675230543,162,493
217,0.01102,0.03807165901546108,141,132
218,0.01252,0.040138617371356974,176,154.5
219,0.00371,0.03812207652985417,143,45
220,0.00848,0.038572931629224885,149,92
221,0.03492,0.037759725368950635,137,419
222,0.01447,0.03724906889412976,129,182
223,0.01721,0.043859818959700404,252,215
224,7.1e-4,0.029790694387275742,38,2
225,0.00153,0.03822885892740678,144,12
226,0.0016,0.03200868643200662,67,14
227,0.02297,0.043523644204929206,243,293
228,0.01117,0.03628644574461026,118,134
229,0.04868,0.03689817460834956,125,539
230,0.06661,0.035823102634200944,110,647
231,0.08372,0.039593084158857074,166,721
232,0.04864,0.03991448917610109,172,538
233,0.02939,0.0450893762991593,279,365
234,0.05045,0.04599025279198248,309,556.5
235,0.00201,0.04538625569133995,291,22
236,0.04731,0.049927925001838236,439,524
237,0.03965,0.0500829351252774,445,465
238,0.09494,0.056652192135215884,656,758
239,0.00474,0.046980665717473204,334,53
240,0.08383,0.04848738525941953,389,723
241,0.06789,0.05121008657251643,500,651
242,0.00232,0.04820463437940279,370,31
243,0.00657,0.05387511816336099,593,70
244,0.00318,0.044711633540550175,270,44
245,0.04382,0.05358919647732876,586,506.5
246,0.02918,0.048326283779805426,380,360.5
247,0.01763,0.046777794683306374,327,223
248,0.01035,0.04921235267310982,417,118
249,0.02382,0.04552618080662253,297,301
250,0.04325,0.04013847082329508,175,498
251,0.00946,0.038466862561747465,148,107
252,0.1009,0.042612653163131925,228,769
253,0.01071,0.04102390342822702,194,127
254,0.03428,0.03593247962272355,112,416
255,0.02209,0.0427045948867699,230,284
256,0.00663,0.03404699603363455,87,71
257,0.00776,0.03549996084966955,106,84.5
258,0.00197,0.03992867820637908,173,21
259,0.00103,0.02940915013545922,34,3
260,0.00617,0.034175624532104286,89,69
261,0.01323,0.03385510663386998,85,170
262,0.02614,0.03261904509853828,71,329
263,0.01008,0.035938932124409066,114,115
264,0.01405,0.03758797398999935,134,177.5
265,0.04182,0.03387939049932804,86,486
266,0.02127,0.03331061694515168,79,273
267,0.06603,0.04332688810175781,242,643
268,0.08392,0.03499332510640588,97,724
269,0.05581,0.04214059541026689,222,597
270,0.00833,0.04042332147504023,185,90
271,0.01872,0.04191364896156307,217,234
272,0.03966,0.04894729191831817,408,466
273,0.00687,0.04481476387673778,274,72
274,0.02361,0.044808545832529106,273,299
275,0.10646,0.04511319327451248,283,778
276,0.15396,0.047792484404159875,357,826
277,0.05303,0.05188817653370265,526,577
278,0.15504,0.04841941311628715,386,829
279,0.16145,0.04767955598451453,354,835
280,0.15428,0.050876556835043225,491,828
281,0.17365,0.054684717593588436,624,840
282,0.2622,0.057096478016919285,668,852
283,0.03922,0.051452284031458635,507,464
284,0.01134,0.053482456373079065,583,137
285,0.00179,0.053185511410269865,574,19
286,0.00127,0.05136695379548445,504,6
287,0.00224,0.05334312669436063,578,28
288,0.00202,0.05428694319330462,606,23
289,0.02208,0.05188876244523302,527,283
290,0.07502,0.0527988085706376,561,689
291,0.02445,0.05547221081853608,636,307
292,0.00827,0.04814133910824963,366,88
293,0.05653,0.05399087178488175,597,602
294,0.00576,0.0502969751409691,460,64
295,0.04969,0.055471684132549104,635,552
296,0.00831,0.05202387336902473,532,89
297,0.0668,0.053036995542174344,570,648
298,0.0132,0.05728139709820923,673,168
299,0.12759,0.05857272706205853,707,803
300,0.03329,0.048273328759700175,375,409
301,0.11566,0.05597285304735041,647,790
302,0.01328,0.05235205070156336,546,171
303,0.08196,0.060398111677805726,736,717
304,0.08697,0.06730112193710945,794,736
305,0.06755,0.07113406502771875,819,649
306,0.15422,0.057253431069206315,672,827
307,0.04067,0.06538377356482727,777,477
308,0.08949,0.05813240360008263,697,748
309,0.0214,0.06655415594783065,789,275
310,0.10192,0.06277926789350692,760,771
311,0.15394,0.06790159232368458,798,825
312,0.15381,0.06043951185316196,738,824
313,0.15997,0.06654050416307027,788,834
314,0.14114,0.06612610802023422,785,814
315,0.06622,0.06818777852368545,799,644
316,0.03384,0.06690934443827447,791,410
317,0.03174,0.06760050850852452,797,388
318,0.03084,0.06917473315601264,806,379
319,0.0117,0.07457718549938895,839,141
320,0.01056,0.07207269257592687,829,123
321,0.07846,0.06458592316809898,772,701
322,0.13028,0.08028032794768572,849,805
323,0.06988,0.07164567599296523,825,659
324,0.03723,0.06878476309179615,802,440
325,0.06323,0.06990035473869903,812,632
326,0.00559,0.06673464954087405,790,61.5
327,0.00763,0.06880626519697931,803,83
328,0.0319,0.0630139323363594,764,392
329,0.00378,0.07046774573639572,814,46
330,0.07768,0.06704770456647835,793,700
331,0.00136,0.07082961967463097,816,9
332,0.02618,0.0654720503893866,779,330
333,0.00527,0.06569208365823828,780,56
334,0.02018,0.06577891637173824,782,251
335,0.02524,0.05765707348990261,685,317
336,0.01402,0.059881975648721567,728,175
337,0.02819,0.05747536531433092,680,349
338,0.00411,0.054368503337266984,607,48.5
339,0.01192,0.05785862223567293,688,143
340,0.04035,0.048242713942608755,371,475
341,0.00923,0.044374431279715444,259,106
342,0.00558,0.05949221161964374,724,60
343,0.01939,0.04719587361741572,339,239
344,0.02869,0.05186881576050555,524,354.5
345,0.00119,0.042494564909448695,225,4
346,0.00166,0.04735153485369671,344,17
347,0.04908,0.04352701992732718,244,543.5
348,0.03135,0.04792392127804647,360,384
349,0.00144,0.046343896815161385,318,10
350,0.02734,0.043281378836878846,241,340
351,0.07216,0.043558910005233695,245,675
352,0.04768,0.041039612441225296,195,528
353,0.06527,0.05412842728246052,601,638
354,0.05945,0.0437490812537749,250,617
355,0.1204,0.046804556659389145,328,794
356,0.1373,0.046837184731183756,329,809
357,0.10396,0.04800576135671009,362,774
358,0.0391,0.049650825077331553,428,462
359,0.00223,0.05081585440381221,483,27
360,0.03881,0.05377842231341776,588,457
361,0.00235,0.05642946464113938,652,34
362,0.08655,0.0550985854023609,630,734
363,0.03386,0.05944359291443262,723,411
364,0.02051,0.061434038138708146,748,258
365,0.27162,0.06412261180271892,770,853
366,0.35121,0.06510570582595848,776,856
367,0.20862,0.0687231277930961,800,846
368,0.15507,0.0732504735179862,836,830
369,0.0414,0.0711821234896433,820,481
370,0.028,0.06376523753432461,769,348
371,0.13206,0.07132220497707895,821,807
372,0.03822,0.06693018668334963,792,449
373,0.04399,0.06076465933823639,740,508
374,0.00129,0.05698374996535823,665,7
375,0.03578,0.050753227830815845,480,428
376,0.0158,0.04889510310846029,406,192
377,0.02272,0.049475485868283854,422,290
378,0.01068,0.05239392824247635,548,126
379,0.02219,0.047268682013184654,342,286
380,0.0105,0.04573542695816588,302,121
381,0.0024,0.04814654634661143,367,35
382,0.01127,0.054657104421188485,621,136
383,0.00158,0.0646033781899227,773,13
384,0.03423,0.04566565797448164,299,414.5
385,0.00214,0.037419430505727345,132,25
386,0.02798,0.045097301029916374,280,347
387,0.01019,0.04401935989802918,256,116
388,0.03235,0.0478519795761469,358,397
389,0.02622,0.050981005902786904,495,331
390,0.00588,0.04278810318910764,232,66
391,0.00544,0.04601657555492998,311,59
392,0.03909,0.04363238715792813,247,461
393,0.01138,0.03832956119957359,145,138
394,0.04925,0.05220307264698242,538,546
395,0.0104,0.04881079004592553,400,120
396,0.06215,0.05460584381291418,617,626
397,0.03806,0.04748399466459817,348,446
398,0.02106,0.05877918713945656,713,266.5
399,0.05062,0.04868295879706883,395,558
400,0.02932,0.053997548853522315,598,363
401,0.03311,0.04703234094086378,336,406
402,0.03683,0.0521446215544015,536,435
403,0.07294,0.05907946897672738,716,680
404,0.11248,0.05383878500568008,591,785
405,0.03412,0.0495035066061581,423,413
406,0.07652,0.054822140808055454,627,697
407,0.06153,0.050649305428448255,475,624
408,0.05477,0.05104592094106959,497,588
409,0.07108,0.04943803210236713,421,667
410,0.05816,0.0490305365182551,411,610.5
411,0.0791,0.04861235984037475,392,705
412,0.08433,0.046466752461545885,320,726
413,0.09719,0.04542931765948765,293,763
414,0.00713,0.05274257548137884,557,76
415,0.04006,0.05323614317627378,575,471
416,0.00192,0.046297548129390236,315,20
417,0.0894,0.04183605383007855,216,747
418,0.00694,0.04833224171694014,381,74
419,0.09884,0.05066576166183382,477,765
420,0.01208,0.046330777693623953,316,145
421,0.03544,0.057094342859651995,667,423
422,0.02184,0.05230624247589195,543,279
423,0.0487,0.05147681322116696,509,540
424,0.01292,0.0522525700644651,541,161
425,0.07948,0.05780152221043599,686,706
426,0.0418,0.05340243242801812,579,485
427,0.03869,0.0469399262402787,331,454.5
428,0.05953,0.05463474921522908,619,619
429,0.10604,0.05045423427890914,468,776
430,0.09046,0.04855135943322557,391,750
431,0.05097,0.046564496628467206,325,562
432,0.0573,0.054086821625997546,599,605
433,0.017,0.04854973902658229,390,212
434,0.08124,0.05216114860176503,537,713
435,0.0172,0.05481987116304476,626,214
436,0.03245,0.05858448177107518,708,398.5
437,0.01484,0.04814073282359511,365,185
438,0.01038,0.0513140393146501,501,119
439,0.06321,0.05644390811480431,653,630.5
440,0.0726,0.054895820010481974,628,678
441,0.03707,0.058656481657636816,711,438
442,0.07641,0.05184046326375127,523,695
443,0.03052,0.06580816647610739,784,377
444,0.13363,0.060137696741601215,734,808
445,0.02582,0.062309821781219396,754,326
446,0.07662,0.05844727052488281,702,698
447,0.01059,0.058982276497097995,715,124
448,0.02485,0.06139067889379306,747,314
449,0.00211,0.06479848000932456,775,24
450,0.01088,0.06423734865707649,771,130
451,0.00234,0.06309630429104665,767,32.5
452,0.00165,0.07161156535127063,824,16
453,0.0028,0.059085973983592624,717,39
454,0.00225,0.07104150465836374,818,29
455,0.1625,0.06570062063338986,781,836
456,0.22552,0.06919178456059913,807,848
457,0.34749,0.06540029568349628,778,855
458,0.14743,0.060413159029386716,737,819
459,0.22694,0.07188596188813028,826,850
460,0.12163,0.06048376821936983,739,798
461,0.15693,0.07803523633122574,845,832
462,0.22597,0.07302150986816232,834,849
463,0.0958,0.07707679682102897,843,761
464,0.10235,0.05803217365745106,694,772
465,0.17849,0.07196844486521563,827,843
466,0.06964,0.06173634209804231,751,658
467,0.17604,0.06364723907146504,768,841
468,0.00265,0.05464626173057378,620,37
469,0.24368,0.06307793091428932,766,851
470,0.00705,0.060102194234614596,733,75
471,0.08176,0.06291201994477333,762,714
472,0.07219,0.06092666372917961,743,676
473,0.09498,0.05864798922555828,710,759
474,0.14016,0.05538671405749275,633,813
475,0.01608,0.05759458294325956,683,198
476,0.12884,0.046403231553737455,319,804
477,0.01464,0.04829243716039058,376,183
478,0.00559,0.04913286087616468,414,61.5
479,0.00882,0.04455550237183917,268,96
480,0.03851,0.04465561918727244,269,451
481,0.00383,0.04289849993824655,235,47
482,0.01435,0.044790403907042094,272,180
483,0.0027,0.04158284971902964,203,38
484,0.02106,0.04077906557896545,190,266.5
485,0.01992,0.041646824851440174,208,247.5
486,0.01657,0.03701944923448755,128,206
487,0.01984,0.039564528898483255,165,244
488,0.00541,0.04095139571454791,193,58
489,0.00294,0.036425293605842804,120,40.5
490,0.02562,0.041601670258783675,205,320.5
491,0.00916,0.04836829083614619,384,102
492,0.05634,0.03872220918534857,150,601
493,0.02118,0.03897823016443256,157,271
494,0.03292,0.04064709731418418,189,404
495,0.0138,0.04042654186829398,186,173
496,0.01612,0.046341432077579604,317,200.5
497,0.00433,0.043045698092714545,238,51.5
498,0.00226,0.04444502238122638,264,30
499,0.04899,0.045104438208901,282,542
500,0.11511,0.04581513374073527,306,789
501,0.08076,0.04741254782565365,346,710
502,0.10167,0.05086818882083531,490,770
503,0.03887,0.05034613422925072,464,458
504,0.14742,0.04883933197664386,404,818
505,0.07895,0.05315647642086127,572,704
506,0.07288,0.051152411255998384,498,679
507,0.14258,0.050573447054690426,471,815
508,0.17705,0.052228795591301926,539,842
509,0.08027,0.05273018211220401,556,708
510,0.11289,0.05017437415834191,450,786
511,0.14279,0.05299177551826889,565,816
512,0.05689,0.0516802004148824,518,603
513,0.08621,0.05151294354979546,511,733
514,0.05373,0.05085969836286424,488,581
515,0.07193,0.047680493286101,355,674
516,0.01675,0.05086250448962282,489,209
517,0.01123,0.04969300637680829,431,135
518,0.04156,0.049337276132703826,418,482
519,0.01404,0.0482713703779435,374,176
520,0.0122,0.048834228901343237,403,148
521,0.02895,0.04956012450241354,426,358
522,0.01275,0.048013184926517176,364,158
523,0.00133,0.04896422297981606,409,8
524,0.04636,0.048461564857728644,388,519
525,0.02024,0.04653902021272302,323,254
526,0.00748,0.05085327215010177,486,82
527,0.01867,0.04697189535809013,332,233
528,0.07232,0.04513984378459737,284,677
529,0.087,0.04584500690061932,307,737
530,0.00245,0.04878480476370783,398,36
531,0.03753,0.04650821293093878,322,442
532,0.04296,0.04401463893625742,255,491
533,6.4e-4,0.04252935206484678,226,1
534,0.01662,0.04656329754475368,324,208
535,0.08831,0.042964282645102894,237,741
536,0.05472,0.04573888437038675,303,587
537,0.01661,0.04263566287530096,229,207
538,0.02388,0.04112832440221337,196,302
539,0.13948,0.04294598463664233,236,812
540,0.04996,0.04277162924910518,231,554
541,0.00776,0.04916281492047632,415,84.5
542,0.02562,0.0422162559053871,223,320.5
543,0.0355,0.04989397721000304,436,425
544,0.02374,0.0490742342501348,412,300
545,0.01183,0.04286982277506157,233,142
546,0.03298,0.048365328984246246,383,405
547,0.0604,0.04509818171141242,281,620
548,0.01758,0.04567097074235839,301,222
549,0.01822,0.045761857753677866,304,229
550,0.03497,0.04879454334391476,399,420
551,0.02918,0.05084730198993284,485,360.5
552,0.00849,0.050325558269398045,462,93
553,0.02437,0.05341545943491724,580,305.5
554,0.03857,0.05026191080651337,457,452
555,0.02952,0.04792324907757336,359,367
556,0.0178,0.05577757284813887,642,225
557,0.05166,0.05179081824578652,522,567.5
558,0.02292,0.053236439596041144,576,291
559,0.01299,0.05035818538977489,466,163
560,0.0551,0.05665538506706837,657,592
561,0.04773,0.05364002481769299,587,529
562,0.0311,0.052237451002950866,540,380
563,0.05818,0.05423861105596142,604,612
564,0.08382,0.05420236426878667,602,722
565,0.03983,0.05448850461899235,611,468.5
566,0.03983,0.05186895566315417,525,468.5
567,0.06468,0.053251151355243394,577,637
568,0.0819,0.05063812265417705,474,715
569,0.05814,0.05140349415506532,506,609
570,0.04562,0.05437648765608135,608,515
571,0.01976,0.05211622830508989,534,243
572,0.01739,0.051720275816085,520,217
573,0.03177,0.05022566538770263,454,389.5
574,0.02938,0.051719706377040736,519,364
575,0.02611,0.05389809205628513,594,328
576,0.02511,0.04966036742670866,429,316
577,0.04908,0.05398140917480999,596,543.5
578,0.00294,0.05034220041077483,463,40.5
579,0.02113,0.04998202455980556,442,269
580,0.04371,0.05061551953850206,472,505
581,0.02229,0.04954319747496097,424,289
582,0.01314,0.04986952124177809,435,165.5
583,0.03315,0.050410332034104235,467,407
584,0.06427,0.048646458084634255,393,634
585,0.02412,0.04830013343145045,378,303
586,0.03262,0.04534072177971761,288,402
587,0.0378,0.0502088003661074,452,444
588,0.03177,0.052705241740277665,554,389.5
589,0.02041,0.05054507228028422,470,256
590,0.02684,0.05210274240258946,533,336
591,0.03564,0.05102543515110179,496,427
592,0.0435,0.05212843365102247,535,501
593,0.00715,0.051460444500317705,508,77
594,0.04818,0.050688659086428174,478,535
595,0.02023,0.05062582864075519,473,253
596,0.00875,0.051486727405016364,510,95
597,0.02225,0.05029670569480187,459,288
598,0.00215,0.051202331498918736,499,26
599,0.08062,0.05559841589592837,637,709
600,0.05731,0.05246802300347265,549,606
601,0.07475,0.05199806719890283,531,688
602,0.04586,0.05158818956712479,515,518
603,0.04665,0.047421843191128375,347,520
604,0.01225,0.05532227916809528,632,149
605,0.03212,0.05015432454480553,448,394
606,0.00818,0.050880655786450076,492,87
607,0.03545,0.0483111285215045,379,424
608,0.02022,0.04756201212330474,351,252
609,0.08439,0.0508260860343249,484,727
610,0.03138,0.04892507317644847,407,385
611,0.0517,0.05078355878784144,482,569
612,0.04159,0.05065834053027901,476,483
613,0.13802,0.053845768443174756,592,810
614,0.04323,0.05457808956921586,614,497
615,0.03025,0.05844906133829042,703,371.5
616,0.0494,0.05836357598536112,700,547
617,0.06293,0.056848767470383255,662,628
618,0.06298,0.054491821009145375,612,629
619,0.03806,0.057957427203393364,693,446
620,0.1236,0.05850371200033837,706,799
621,0.07018,0.05782722758759766,687,661
622,0.01005,0.05600526123769224,649,114
623,0.03231,0.05733253867438279,675,396
624,0.12044,0.056603676001296455,654,795
625,0.18037,0.05573403826634053,640,845
626,0.04214,0.057374224262940296,678,488
627,0.02165,0.052815343212865885,562,278
628,0.0054,0.057625327954910495,684,57
629,0.02013,0.057543873687372404,682,250
630,0.04765,0.05134800329297218,503,527
631,0.00573,0.056825190717009505,661,63
632,0.03121,0.05425257614571217,605,382
633,0.0482,0.056763028037837164,660,536
634,0.07043,0.05342039198244354,581,664
635,0.01197,0.05736422747056754,677,144
636,0.09232,0.051637918092612964,516,754
637,0.07069,0.05190258235251982,528,666
638,0.03551,0.04870551887281234,397,426
639,0.01599,0.04697571365586279,333,197
640,0.05447,0.04933778780668965,419,586
641,0.0811,0.04967167755126506,430,712
642,0.00234,0.051553886983534,513,32.5
643,0.0259,0.045537220042921475,298,327
644,0.03504,0.04824582776970155,372,421
645,0.03469,0.05138996070473412,505,417
646,0.00162,0.05228172309138434,542,15
647,0.03127,0.05155797874103925,514,383
648,0.04475,0.04913214252240467,413,510
649,0.01498,0.051982406609067736,530,186
650,0.00906,0.047264328086983595,341,99.5
651,0.03208,0.05260976690785361,553,393
652,0.03806,0.05462503906069257,618,446
653,0.01986,0.052331825077050934,544,246
654,0.03012,0.052490906453934935,551,370
655,0.05161,0.05355631918319813,584,566
656,0.02462,0.056729539738915896,659,311
657,0.01849,0.04964731753940362,427,232
658,0.0534,0.05874342047729766,712,578
659,0.03252,0.056622564427374074,655,401
660,0.05126,0.059335866066300195,722,565
661,0.06791,0.05750784352850163,681,652
662,0.06928,0.054399468877560204,609,657
663,0.05302,0.05790620827360197,690,576
664,0.03771,0.06232292898331916,755,443
665,0.03902,0.06252134659032343,758,460
666,0.03047,0.05813118502975353,696,374.5
667,0.03245,0.05950405693169376,726,398.5
668,0.02693,0.06293427842056315,763,338
669,0.0385,0.06088798908831406,742,450
670,0.07565,0.058917164644153204,714,693
671,0.03815,0.05498837277027801,629,448
672,0.04207,0.062062754627626886,752,487
673,0.12063,0.06082175891025492,741,796
674,0.06561,0.05467603055746165,622,640
675,0.09283,0.058370262867533704,701,755
676,0.06636,0.05928076794919851,721,645
677,0.03051,0.05315688804137158,573,376
678,0.03325,0.06283356889556282,761,408
679,0.02119,0.057885816052368685,689,272
680,0.04227,0.0501081929065087,447,489
681,0.02923,0.05459776409837655,616,362
682,0.00898,0.051514873961733716,512,98
683,0.01389,0.04796416597951856,361,174
684,0.0098,0.0560356730664488,650,111
685,0.01314,0.04829792081366346,377,165.5
686,0.01804,0.04992892324477103,440,228
687,0.01886,0.05075512324469584,481,235
688,0.00947,0.05085468618147418,487,108
689,0.00727,0.053779845511544015,589,79
690,0.02464,0.05249063710635769,550,312
691,0.01724,0.04839150928502393,385,216
692,0.01907,0.05409604861083189,600,236
693,0.01233,0.05300003819973969,566,150
694,0.01839,0.0449943947332203,278,231
695,0.02196,0.05357895498588474,585,280
696,0.02035,0.05236101211447882,547,255
697,0.01291,0.05050639685803221,469,160
698,0.0161,0.052768052257334615,559,199
699,0.02459,0.05736422557997558,676,309
700,0.02201,0.04844534462408023,387,281
701,0.02689,0.05234839399038101,545,337
702,0.02101,0.05468116494616495,623,264
703,0.02461,0.05921109188988095,720,310
704,0.02949,0.04938880646008403,420,366
705,0.01992,0.04702013860544218,335,247.5
706,0.01559,0.06009600198591208,732,191
707,0.04755,0.05134114186507936,502,526
708,0.03618,0.05473358972372942,625,431.5
709,0.09462,0.0529249693877551,563,757
710,0.03697,0.07069435962429384,815,436
711,0.06529,0.06227006481481481,753,639
712,0.04361,0.05669865343915344,658,503
713,0.05583,0.046197137844611526,313,598
714,0.06466,0.040368888888888885,183,636
715,0.05484,0.04021238095238095,180,589
716,0.04852,0.05593185714285714,646,537
717,0.037,0.04755772727272727,350,437
718,0.04174,0.04543305555555555,294,484
719,0.02917,0.055924999999999996,645,359
720,0.05554,0.047401518518518516,345,594
721,0.05436,0.040850811111111114,192,585
722,0.05816,0.04888566666666667,405,610.5
723,0.05014,0.04482733333333333,276,555
724,0.08478,0.058618916666666666,709,728
725,0.07033,0.07905298039215686,846,662
726,0.05264,0.09526223684210526,855,573
727,0.07642,0.049945269841269846,441,696
728,0.05487,0.0598930303030303,729,590
729,0.07694,0.058458129629629624,705,699
730,0.04669,0.03960384259259259,168,521
731,0.05378,0.048178,368,582
732,0.06579,0.07720111111111111,844,641
733,0.05829,0.049921492063492064,438,613
734,0.05166,0.04692093170426065,330,567.5
735,0.09822,0.04535515789473684,290,764
736,0.02768,0.057138625,669,343.5
737,0.04802,0.05190323611111111,529,533
738,0.07151,0.04982368421052631,434,671
739,0.04382,0.061201712962962965,746,506.5
740,0.04963,0.0459955,310,550
741,0.04016,0.09329842592592592,854,473
742,0.07126,0.05029444444444445,458,669
743,0.04086,0.06156071428571428,750,478
744,0.09182,0.04396258333333333,254,753
745,0.0327,0.04882238095238095,402,403
746,0.04484,0.027295,23,511
747,0.05367,0.04153772727272727,202,580
748,0.06828,0.04191875,218,653
749,0.02682,0.03316469696969697,78,335
750,0.08584,0.023965,9,730
751,0.05421,0.044553888888888886,267,583
752,0.04313,0.026266666666666667,15.5,496
753,0.04967,0.024798333333333332,11,551
754,0.01077,0.04762333333333334,352,128
755,0.04943,0.044046944444444444,257,548
756,0.01965,0.045666785714285715,300,241
757,0.02978,0.04377233333333333,251,368
758,0.03916,0.05576416666666667,641,463
759,0.01405,0.039446696969696965,164,177.5
760,0.01709,0.023353333333333334,7,213
761,0.03529,0.03585458333333333,111,422
762,0.01949,0.025969999999999997,14,240
763,0.01515,0.016200227272727272,1,187
764,0.00919,0.02652333333333333,17,104
765,0.03047,0.05174933333333333,521,374.5
766,0.01425,0.0224055,5,179
767,0.0059,0.0373393,131,67
768,0.01524,0.04020868421052631,178,188
769,0.02293,0.02526958333333333,13,292
770,0.03641,0.042878465777278274,234,433
771,0.00973,0.034404809523809525,92,110
772,0.0125,0.05016866666666667,449,153
773,0.01274,0.03184491071428571,64,157
774,0.01652,0.041586119696969695,204,205
775,0.0086,0.026811363636363637,19,94
776,0.02556,0.027051481481481482,20,319
777,0.01689,0.035614603896103894,108,211
778,0.01063,0.03654900529100529,121,125
779,0.0322,0.028472222222222218,28,395
780,0.07572,0.036998863636363635,127,694
781,0.02483,0.04980921428571428,433,313
782,0.01211,0.030270833333333334,43,147
783,0.02574,0.030917142857142855,53,324
784,0.04807,0.041702992673992675,210,534
785,0.04021,0.04259796296296296,227,474
786,0.02068,0.03127083333333333,58,259
787,0.16664,0.04444,262,837
788,0.08431,0.03282798809523809,74,725
789,0.02211,0.05724575066137566,671,285
790,0.03618,0.04357111111111111,246,431.5
791,0.02855,0.027946666666666665,25,353
792,0.04345,0.04234891898148148,224,499
793,0.01553,0.02861333333333333,29,189
794,0.01802,0.034316250000000006,90,227
795,0.04782,0.03698233333333333,126,531
796,0.0208,0.04160537946428571,206,261
797,0.01236,0.03193613636363636,66,151
798,0.0179,0.03659625,122,226
799,0.02099,0.032155,68,263
800,0.02428,0.029849999999999998,41,304
801,0.01612,0.037722,136,200.5
802,0.02669,0.03512386904761905,100,334
803,0.01908,0.034596666666666664,94,237
804,0.01163,0.02782520833333333,24,140
805,0.0211,0.03051785714285714,48,268
806,0.02869,0.04120048611111111,198,354.5
807,0.01597,0.035238,101,196
808,0.01318,0.03335325,80,167
809,0.02889,0.019558333333333334,3,356
810,0.02223,0.0368492803030303,124,287
811,0.00896,0.029105714285714283,31,97
812,0.01296,0.03500388888888889,98,162
813,0.01985,0.026266666666666667,15.5,245
814,0.01558,0.040196363636363634,177,190
815,0.01243,0.03138197142857143,59,152
816,0.01587,0.03674678571428572,123,193
817,0.01286,0.04475069444444444,271,159
818,0.01646,0.03782462962962963,138,203.5
819,0.01646,0.03755041666666666,133,203.5
820,0.02156,0.04165222222222222,209,276.5
821,0.03869,0.04450423979591837,266,454.5
822,0.02042,0.031078124999999998,55,257
823,0.00809,0.030922580357142855,54,86
824,0.02437,0.035681197916666664,109,305.5
825,0.03878,0.04992035714285714,437,456
826,0.01974,0.027216555555555553,22,242
827,0.0245,0.04041285714285714,184,308
828,0.07049,0.05443368962585034,610,665
829,0.01592,0.03127,57,194
830,0.01253,0.03467041666666666,95,156
831,0.01771,0.03038,45,224
832,0.01913,0.055422045454545446,634,238
833,0.01151,0.0325575,70,139
834,0.0111,0.030497777777777776,47,133
835,0.0264,0.028964999999999998,30,333
836,0.01752,0.053788,590,220
837,0.0092,0.038834,156,105
838,0.02343,0.030869999999999998,50,298
839,0.02202,0.04540244047619047,292,282
840,0.02105,0.030183333333333333,42,265
841,0.0593,0.03181333333333333,63,615
842,0.0644,0.04750928571428571,349,635
843,0.04354,0.04193055952380952,219,502
844,0.09048,0.05073375,479,751
845,0.11084,0.03038,45,783
846,0.09928,0.045492179487179485,295,766
847,0.0455,0.019076666666666665,2,514
848,0.05549,0.0266775,18,593
849,0.0496,0.03038,45,549
850,0.03473,0.04534,287,418
851,0.02496,0.034534999999999996,93,315
852,0.0277,0.04647333333333333,321,345
853,0.03715,0.038832,155,439
854,0.03678,0.029253333333333333,32,434
855,0.03725,0.029833333333333333,40,441
856,0.01755,NA,856,221
