position,ref,Accessibility
1,M,0.678571428571429
2,F,0.748847926267281
3,V,0.711981566820276
4,F,0.69815668202765
5,L,0.601382488479263
6,V,0.518433179723502
7,L,0.610599078341014
8,L,0.438940092165899
9,P,0.449308755760369
10,L,0.465437788018433
11,V,0.337557603686636
12,S,0.523041474654378
13,S,0.615207373271889
14,Q,0.580645161290323
15,C,0.546082949308756
16,V,0.486175115207373
17,N,0.652073732718894
18,L,0.5
19,T,0.76036866359447
20,T,0.684331797235023
21,R,0.788018433179724
22,T,0.799539170506912
23,Q,0.86405529953917
24,L,0.813364055299539
25,P,0.857142857142857
26,P,0.711981566820276
27,A,0.69815668202765
28,Y,0.682027649769585
29,T,0.580645161290323
30,N,0.6036866359447
31,S,0.382488479262673
32,F,0.5
33,T,0.430875576036866
34,R,0.329493087557604
35,G,0.241935483870968
36,V,0.298771121351766
37,Y,0.361751152073733
38,Y,0.447004608294931
39,P,0.47926267281106
40,D,0.610599078341014
41,K,0.633640552995392
42,V,0.594470046082949
43,F,0.555299539170507
44,R,0.529953917050691
45,S,0.546082949308756
46,S,0.608294930875576
47,V,0.467741935483871
48,L,0.453917050691244
49,H,0.389400921658986
50,S,0.41705069124424
51,T,0.449308755760369
52,Q,0.548387096774194
53,D,0.514592933947773
54,L,0.470046082949309
55,F,0.292626728110599
56,L,0.244239631336405
57,P,0.336405529953917
58,F,0.317972350230415
59,F,0.50230414746543794
60,S,0.453917050691244
61,N,0.610599078341014
62,V,0.428571428571429
63,T,0.525345622119816
64,W,0.511520737327189
65,F,0.465437788018433
66,H,0.463133640552995
67,A,0.375576036866359
68,I,0.523041474654378
69,H,0.585253456221198
70,V,0.709677419354839
71,S,0.705069124423963
72,G,0.845622119815668
73,T,0.854838709677419
74,N,0.868663594470046
75,G,0.755760368663594
76,T,0.691244239631336
77,K,0.550691244239631
78,R,0.548387096774194
79,F,0.447004608294931
80,D,0.451612903225806
81,N,0.368663594470046
82,P,0.571428571428571
83,V,0.532258064516129
84,L,0.493087557603687
85,P,0.647465437788018
86,F,0.486175115207373
87,N,0.629032258064516
88,D,0.635176651305684
89,G,0.447004608294931
90,V,0.361751152073733
91,Y,0.313364055299539
92,F,0.299539170506912
93,A,0.317972350230415
94,S,0.373271889400922
95,T,0.470814132104455
96,E,0.472350230414746
97,K,0.633640552995392
98,S,0.615207373271889
99,N,0.497695852534562
100,I,0.345622119815668
101,I,0.290322580645161
102,R,0.317972350230415
103,G,0.244239631336405
104,W,0.217357910906298
105,I,0.200460829493088
106,F,0.267281105990783
107,G,0.370967741935484
108,T,0.576036866359447
109,T,0.587557603686636
110,L,0.418586789554531
111,D,0.617511520737327
112,S,0.536098310291859
113,K,0.608294930875576
114,T,0.599078341013825
115,Q,0.470046082949309
116,S,0.264976958525346
117,L,0.241167434715822
118,L,0.163594470046083
119,I,0.245775729646697
120,V,0.324884792626728
121,N,0.425499231950845
122,N,0.549155145929339
123,A,0.709677419354839
124,T,0.754224270353303
125,N,0.657450076804916
126,V,0.494623655913978
127,V,0.463901689708141
128,I,0.368663594470046
129,K,0.338709677419355
130,V,0.345622119815668
131,C,0.359447004608295
132,E,0.472350230414746
133,F,0.32642089093702
134,Q,0.497695852534562
135,F,0.341781874039939
136,C,0.391705069124424
137,N,0.525345622119816
138,D,0.412442396313364
139,P,0.24347158218126
140,F,0.274193548387097
141,L,0.34331797235023
142,G,0.474654377880184
143,V,0.626728110599078
144,Y,0.587557603686636
145,Y,0.725806451612903
146,H,0.880184331797235
147,K,0.919354838709677
148,N,0.838709677419355
149,N,0.921658986175115
150,K,0.988479262672811
151,S,0.926267281105991
152,W,0.940092165898618
153,M,0.790322580645161
154,E,0.774193548387097
155,S,0.625960061443932
156,E,0.589861751152074
157,F,0.449308755760369
158,R,0.345622119815668
159,V,0.242703533026114
160,Y,0.327188940092166
161,S,0.536098310291859
162,S,0.546082949308756
163,A,0.451612903225806
164,N,0.592165898617511
165,N,0.557603686635945
166,C,0.490783410138249
167,T,0.525345622119816
168,F,0.453917050691244
169,E,0.54147465437788
170,Y,0.513824884792627
171,V,0.635176651305684
172,S,0.612903225806452
173,Q,0.697388632872504
174,P,0.587557603686636
175,F,0.493087557603687
176,L,0.460061443932412
177,M,0.631336405529954
178,D,0.776497695852535
179,L,0.808755760368664
180,E,0.887096774193548
181,G,0.898617511520737
182,K,0.942396313364055
183,Q,0.905529953917051
184,G,0.80184331797235
185,N,0.813364055299539
186,F,0.640552995391705
187,K,0.76036866359447
188,N,0.665898617511521
189,L,0.550691244239631
190,R,0.476958525345622
191,E,0.386328725038402
192,F,0.338709677419355
193,V,0.347926267281106
194,F,0.360215053763441
195,K,0.460829493087558
196,N,0.532258064516129
197,I,0.617511520737327
198,D,0.705069124423963
199,G,0.629032258064516
200,Y,0.523041474654378
201,F,0.460829493087558
202,K,0.459293394777266
203,I,0.43010752688172
204,Y,0.45468509984639
205,S,0.47926267281106
206,K,0.555299539170507
207,H,0.625960061443932
208,T,0.633640552995392
209,P,0.817204301075269
210,I,0.735023041474654
211,N,0.868663594470046
212,L,0.790322580645161
213,V,0.725806451612903
214,R,0.783410138248848
215,D,0.638248847926267
216,L,0.460829493087558
217,P,0.610599078341014
218,Q,0.69815668202765
219,G,0.642857142857143
220,F,0.578341013824885
221,S,0.553763440860215
222,A,0.45852534562212
223,L,0.440092165898617
224,E,0.601382488479263
225,P,0.571428571428571
226,L,0.536866359447005
227,V,0.529953917050691
228,D,0.557603686635945
229,L,0.389400921658986
230,P,0.486175115207373
231,I,0.442396313364055
232,G,0.589861751152074
233,I,0.444700460829493
234,N,0.622119815668203
235,I,0.439324116743472
236,T,0.663594470046083
237,R,0.546082949308756
238,F,0.359447004608295
239,Q,0.34331797235023
240,T,0.267281105990783
241,L,0.225806451612903
242,L,0.253456221198157
243,A,0.329493087557604
244,L,0.370967741935484
245,H,0.536866359447005
246,R,0.550691244239631
247,S,0.626728110599078
248,Y,0.744239631336405
249,L,0.767281105990783
250,T,0.688940092165899
251,P,0.834101382488479
252,G,0.728110599078341
253,D,0.69815668202765
254,S,0.769585253456221
255,S,0.815668202764977
256,S,0.73963133640553
257,G,0.576036866359447
258,W,0.444700460829493
259,T,0.490783410138249
260,A,0.425499231950845
261,G,0.597542242703533
262,A,0.564516129032258
263,A,0.433179723502304
264,A,0.45852534562212
265,Y,0.368663594470046
266,Y,0.375576036866359
267,V,0.387096774193548
268,G,0.375576036866359
269,Y,0.488479262672811
270,L,0.387864823348694
271,Q,0.504608294930876
272,P,0.601382488479263
273,R,0.34331797235023
274,T,0.414746543778802
275,F,0.278801843317972
276,L,0.308755760368664
277,L,0.331797235023041
278,K,0.476958525345622
279,Y,0.516129032258065
280,N,0.672811059907834
281,E,0.723502304147465
282,N,0.741935483870968
283,G,0.594470046082949
284,T,0.670506912442396
285,I,0.493087557603687
286,T,0.624423963133641
287,D,0.513824884792627
288,A,0.258064516129032
289,V,0.23963133640553
290,D,0.246543778801843
291,C,0.264976958525346
292,A,0.324884792626728
293,L,0.299539170506912
294,D,0.320276497695852
295,P,0.195852534562212
296,L,0.285714285714286
297,S,0.264976958525346
298,E,0.248847926267281
299,T,0.285714285714286
300,K,0.324884792626728
301,C,0.320276497695852
302,T,0.334101382488479
303,L,0.426267281105991
304,K,0.442396313364055
305,S,0.483870967741935
306,F,0.495391705069124
307,T,0.62826420890937
308,V,0.47926267281106
309,E,0.647465437788018
310,K,0.54147465437788
311,G,0.47926267281106
312,I,0.232718894009217
313,Y,0.276497695852535
314,Q,0.237327188940092
315,T,0.195852534562212
316,S,0.278801843317972
317,N,0.21889400921659
318,F,0.258064516129032
319,R,0.28110599078341
320,V,0.350230414746544
321,Q,0.536866359447005
322,P,0.5
323,T,0.587557603686636
324,E,0.688172043010753
325,S,0.642857142857143
326,I,0.557603686635945
327,V,0.652073732718894
328,R,0.550691244239631
329,F,0.631336405529954
330,P,0.640552995391705
331,N,0.711981566820276
332,I,0.670506912442396
333,T,0.686635944700461
334,N,0.638248847926267
335,L,0.532258064516129
336,C,0.329493087557604
337,P,0.493087557603687
338,F,0.299539170506912
339,G,0.547619047619048
340,E,0.585253456221198
341,V,0.350230414746544
342,F,0.327188940092166
343,N,0.569124423963134
344,A,0.573732718894009
345,T,0.746543778801843
346,R,0.64900153609831
347,F,0.43778801843318
348,A,0.509216589861751
349,S,0.536866359447005
350,V,0.442396313364055
351,Y,0.576036866359447
352,A,0.649769585253456
353,W,0.476958525345622
354,N,0.511520737327189
355,R,0.476958525345622
356,K,0.414746543778802
357,R,0.421658986175115
358,I,0.237327188940092
359,S,0.345622119815668
360,N,0.499231950844854
361,C,0.380184331797235
362,V,0.347926267281106
363,A,0.21889400921659
364,D,0.368663594470046
365,Y,0.195852534562212
366,S,0.504608294930876
367,V,0.525345622119816
368,L,0.253456221198157
369,Y,0.382488479262673
370,N,0.615207373271889
371,S,0.539170506912442
372,A,0.67741935483871
373,S,0.56605222734255
374,F,0.43778801843318
375,S,0.525345622119816
376,T,0.396313364055299
377,F,0.350230414746544
378,K,0.382488479262673
379,C,0.276497695852535
380,Y,0.405529953917051
381,G,0.410138248847926
382,V,0.435483870967742
383,S,0.359447004608295
384,P,0.304147465437788
385,T,0.50230414746543794
386,K,0.481566820276498
387,L,0.278801843317972
388,N,0.350230414746544
389,D,0.52073732718894
390,L,0.361751152073733
391,C,0.276497695852535
392,F,0.186635944700461
393,T,0.313364055299539
394,N,0.28110599078341
395,V,0.117511520737327
396,Y,0.276497695852535
397,A,0.221198156682028
398,D,0.308755760368664
399,S,0.306451612903226
400,F,0.347926267281106
401,V,0.383256528417819
402,I,0.447004608294931
403,R,0.596774193548387
404,G,0.642857142857143
405,D,0.767281105990783
406,E,0.619815668202765
407,V,0.495391705069124
408,R,0.688940092165899
409,Q,0.6036866359447
410,I,0.396313364055299
411,A,0.555299539170507
412,P,0.605990783410138
413,G,0.806451612903226
414,Q,0.748847926267281
415,T,0.880184331797235
416,G,0.778801843317972
417,K,0.709677419354839
418,I,0.605990783410138
419,A,0.668202764976959
420,D,0.783410138248848
421,Y,0.67741935483871
422,N,0.566820276497696
423,Y,0.532258064516129
424,K,0.615207373271889
425,L,0.506912442396313
426,P,0.682027649769585
427,D,0.783410138248848
428,D,0.735023041474654
429,F,0.47926267281106
430,T,0.400921658986175
431,G,0.191244239631336
432,C,0.163594470046083
433,V,0.244239631336405
434,I,0.191244239631336
435,A,0.315668202764977
436,W,0.453917050691244
437,N,0.580645161290323
438,S,0.585253456221198
439,N,0.723502304147465
440,N,0.815668202764977
441,L,0.707373271889401
442,D,0.615207373271889
443,S,0.71889400921659
444,K,0.870967741935484
445,V,0.933179723502304
446,G,0.928571428571428
447,G,0.873271889400922
448,N,0.721198156682028
449,Y,0.788018433179724
450,N,0.682027649769585
451,Y,0.536866359447005
452,L,0.622119815668203
453,Y,0.555299539170507
454,R,0.559907834101382
455,L,0.642857142857143
456,F,0.638248847926267
457,R,0.65668202764977
458,K,0.78110599078341
459,S,0.861751152073733
460,N,0.880184331797235
461,L,0.728110599078341
462,K,0.889400921658986
463,P,0.732718894009217
464,F,0.619815668202765
465,E,0.767281105990783
466,R,0.744239631336405
467,D,0.71889400921659
468,I,0.751152073732719
469,S,0.767281105990783
470,T,0.707373271889401
471,E,0.714285714285714
472,I,0.605990783410138
473,Y,0.566820276497696
474,Q,0.645161290322581
475,A,0.663594470046083
476,G,0.751152073732719
477,S,0.829493087557604
478,T,0.762672811059908
479,P,0.755760368663594
480,C,0.670506912442396
481,N,0.78110599078341
482,G,0.776497695852535
483,V,0.778801843317972
484,E,0.692780337941628
485,G,0.703533026113671
486,F,0.748847926267281
487,N,0.688940092165899
488,C,0.629800307219662
489,Y,0.615207373271889
490,F,0.631336405529954
491,P,0.566820276497696
492,L,0.605990783410138
493,Q,0.649769585253456
494,S,0.709677419354839
495,Y,0.594470046082949
496,G,0.817972350230415
497,F,0.691244239631336
498,Q,0.861751152073733
499,P,0.873271889400922
500,T,0.910138248847926
501,N,0.799539170506912
502,G,0.896313364055299
503,V,0.831797235023041
504,G,0.838709677419355
505,Y,0.776497695852535
506,Q,0.71889400921659
507,P,0.546082949308756
508,Y,0.470046082949309
509,R,0.368663594470046
510,V,0.225806451612903
511,V,0.175115207373272
512,V,0.17741935483871
513,L,0.0783410138248848
514,S,0.205069124423963
515,F,0.179723502304147
516,E,0.331797235023041
517,L,0.440092165898617
518,L,0.536866359447005
519,H,0.65668202764977
520,A,0.442396313364055
521,P,0.440092165898617
522,A,0.352534562211982
523,T,0.320276497695852
524,V,0.165898617511521
525,C,0.25115207373271897
526,G,0.283410138248848
527,P,0.470046082949309
528,K,0.552995391705069
529,K,0.700460829493088
530,S,0.679723502304147
531,T,0.721198156682028
532,N,0.78110599078341
533,L,0.596006144393241
534,V,0.658986175115207
535,K,0.645161290322581
536,N,0.610599078341014
537,K,0.556835637480799
538,C,0.440092165898617
539,V,0.481566820276498
540,N,0.532258064516129
541,F,0.421658986175115
542,N,0.548387096774194
543,F,0.513824884792627
544,N,0.601382488479263
545,G,0.622119815668203
546,L,0.516129032258065
547,T,0.516129032258065
548,G,0.36405529953917
549,T,0.380184331797235
550,G,0.317972350230415
551,V,0.403225806451613
552,L,0.410138248847926
553,T,0.559907834101382
554,E,0.700460829493088
555,S,0.566820276497696
556,N,0.692012288786482
557,K,0.617511520737327
558,K,0.776497695852535
559,F,0.649769585253456
560,L,0.682027649769585
561,P,0.762672811059908
562,F,0.670506912442396
563,Q,0.6036866359447
564,Q,0.633640552995392
565,F,0.550691244239631
566,G,0.460829493087558
567,R,0.470046082949309
568,D,0.389400921658986
569,I,0.391705069124424
570,A,0.377880184331797
571,D,0.456221198156682
572,T,0.324884792626728
573,T,0.375576036866359
574,D,0.347926267281106
575,A,0.440092165898617
576,V,0.45852534562212
577,R,0.578341013824885
578,D,0.601382488479263
579,P,0.65668202764977
580,Q,0.71889400921659
581,T,0.783410138248848
582,L,0.767281105990783
583,E,0.69815668202765
584,I,0.624423963133641
585,L,0.476958525345622
586,D,0.490783410138249
587,I,0.306451612903226
588,T,0.244239631336405
589,P,0.235023041474654
590,C,0.246543778801843
591,S,0.207373271889401
592,F,0.154377880184332
593,G,0.124423963133641
594,G,0.149769585253456
595,V,0.152073732718894
596,S,0.138248847926267
597,V,0.152073732718894
598,I,0.158986175115207
599,T,0.324884792626728
600,P,0.455453149001536
601,G,0.605990783410138
602,T,0.567588325652842
603,N,0.78110599078341
604,T,0.668202764976959
605,S,0.608294930875576
606,N,0.552995391705069
607,Q,0.43778801843318
608,V,0.269585253456221
609,A,0.152073732718894
610,V,0.110599078341014
611,L,0.032258064516129
612,Y,0.129032258064516
613,Q,0.0668202764976958
614,D,0.0806451612903226
615,V,0.147465437788018
616,N,0.345622119815668
617,C,0.352534562211982
618,T,0.543778801843318
619,E,0.370967741935484
620,V,0.308755760368664
621,P,0.559907834101382
622,V,0.594470046082949
623,A,0.5
624,I,0.571428571428571
625,H,0.725806451612903
626,A,0.523041474654378
627,D,0.578341013824885
628,Q,0.396313364055299
629,L,0.467741935483871
630,T,0.552995391705069
631,P,0.663594470046083
632,T,0.523041474654378
633,W,0.382488479262673
634,R,0.587557603686636
635,V,0.585253456221198
636,Y,0.341013824884793
637,S,0.336405529953917
638,T,0.555299539170507
639,G,0.552995391705069
640,S,0.69815668202765
641,N,0.487711213517665
642,V,0.398617511520737
643,F,0.336405529953917
644,Q,0.394009216589862
645,T,0.191244239631336
646,R,0.299539170506912
647,A,0.126728110599078
648,G,0.101382488479263
649,C,0.147465437788018
650,L,0.105990783410138
651,I,0.193548387096774
652,G,0.294930875576037
653,A,0.211981566820276
654,E,0.463133640552995
655,H,0.493087557603687
656,V,0.529953917050691
657,N,0.746543778801843
658,N,0.744239631336405
659,S,0.58294930875576
660,Y,0.54147465437788
661,E,0.578341013824885
662,C,0.410138248847926
663,D,0.472350230414746
664,I,0.313364055299539
665,P,0.297235023041475
666,I,0.0691244239631336
667,G,0.140552995391705
668,A,0.317972350230415
669,G,0.350230414746544
670,I,0.223502304147465
671,C,0.225806451612903
672,A,0.172811059907834
673,S,0.387096774193548
674,Y,0.472350230414746
675,Q,0.571428571428571
676,T,0.746543778801843
677,Q,0.698924731182796
678,T,0.875576036866359
679,N,0.898617511520737
680,S,0.940860215053763
681,P,0.861751152073733
682,R,0.887096774193548
683,R,0.935483870967742
684,A,0.900921658986175
685,R,0.90937019969278
686,S,0.907834101382488
687,V,0.828725038402458
688,A,0.819508448540707
689,S,0.744239631336405
690,Q,0.693548387096774
691,S,0.534562211981567
692,I,0.324884792626728
693,I,0.359447004608295
694,A,0.21889400921659
695,Y,0.352534562211982
696,T,0.426267281105991
697,M,0.357142857142857
698,S,0.494623655913978
699,L,0.430875576036866
700,G,0.534562211981567
701,A,0.675115207373272
702,E,0.608294930875576
703,N,0.638248847926267
704,S,0.633640552995392
705,V,0.421658986175115
706,A,0.649769585253456
707,Y,0.493087557603687
708,S,0.625960061443932
709,N,0.56221198156682
710,N,0.589861751152074
711,S,0.532258064516129
712,I,0.398617511520737
713,A,0.50230414746543794
714,I,0.483870967741935
715,P,0.548387096774194
716,T,0.723502304147465
717,N,0.707373271889401
718,F,0.481566820276498
719,T,0.546082949308756
720,I,0.407834101382488
721,S,0.440092165898617
722,V,0.327188940092166
723,T,0.341013824884793
724,T,0.294930875576037
725,E,0.253456221198157
726,I,0.267281105990783
727,L,0.246543778801843
728,P,0.278801843317972
729,V,0.258064516129032
730,S,0.25115207373271897
731,M,0.244239631336405
732,T,0.228110599078341
733,K,0.223502304147465
734,T,0.117511520737327
735,S,0.133640552995392
736,V,0.112903225806452
737,D,0.142857142857143
738,C,0.133640552995392
739,T,0.195852534562212
740,M,0.161290322580645
741,Y,0.096774193548387
742,I,0.0691244239631336
743,C,0.165898617511521
744,G,0.202764976958525
745,D,0.338709677419355
746,S,0.324884792626728
747,T,0.532258064516129
748,E,0.451612903225806
749,C,0.255760368663594
750,S,0.347926267281106
751,N,0.426267281105991
752,L,0.286482334869432
753,L,0.216589861751152
754,L,0.373271889400922
755,Q,0.30184331797235
756,Y,0.232718894009217
757,G,0.278801843317972
758,S,0.288018433179723
759,F,0.193548387096774
760,C,0.188940092165899
761,T,0.306451612903226
762,Q,0.253456221198157
763,L,0.221198156682028
764,N,0.264976958525346
765,R,0.380184331797235
766,A,0.288018433179723
767,L,0.274193548387097
768,T,0.366359447004608
769,G,0.389400921658986
770,I,0.302611367127496
771,A,0.324884792626728
772,V,0.465437788018433
773,E,0.423195084485407
774,Q,0.297235023041475
775,D,0.368663594470046
776,K,0.481566820276498
777,N,0.336405529953917
778,T,0.299539170506912
779,Q,0.449308755760369
780,E,0.428571428571429
781,V,0.232718894009217
782,F,0.200460829493088
783,A,0.350230414746544
784,Q,0.264976958525346
785,V,0.26036866359447
786,K,0.45852534562212
787,Q,0.447004608294931
788,I,0.419354838709677
789,Y,0.336405529953917
790,K,0.548387096774194
791,T,0.536866359447005
792,P,0.640552995391705
793,P,0.851766513056836
794,I,0.834101382488479
795,K,0.713517665130568
796,D,0.69815668202765
797,F,0.516129032258065
798,G,0.493087557603687
799,G,0.658986175115207
800,F,0.511520737327189
801,N,0.649769585253456
802,F,0.467741935483871
803,S,0.711981566820276
804,Q,0.589861751152074
805,I,0.407834101382488
806,L,0.52073732718894
807,P,0.585253456221198
808,D,0.78110599078341
809,P,0.894777265745008
810,S,0.935483870967742
811,K,0.815668202764977
812,P,0.913978494623656
813,S,0.71889400921659
814,K,0.755760368663594
815,R,0.589861751152074
816,S,0.513824884792627
817,F,0.641321044546851
818,I,0.389400921658986
819,E,0.380184331797235
820,D,0.587557603686636
821,L,0.490783410138249
822,L,0.329493087557604
823,F,0.449308755760369
824,N,0.546082949308756
825,K,0.398617511520737
826,V,0.375576036866359
827,T,0.483870967741935
828,L,0.382488479262673
829,A,0.398617511520737
830,D,0.387096774193548
831,A,0.237327188940092
832,G,0.285714285714286
833,F,0.353302611367127
834,I,0.303379416282642
835,K,0.214285714285714
836,Q,0.230414746543779
837,Y,0.493087557603687
838,G,0.619815668202765
839,D,0.465437788018433
840,C,0.331797235023041
841,L,0.548387096774194
842,G,0.63594470046083
843,D,0.504608294930876
844,I,0.555299539170507
845,A,0.329493087557604
846,A,0.384792626728111
847,R,0.329493087557604
848,D,0.382488479262673
849,L,0.278801843317972
850,I,0.157450076804915
851,C,0.17741935483871
852,A,0.163594470046083
853,Q,0.133640552995392
854,K,0.0714285714285714
855,F,0.096774193548387
856,N,0.110599078341014
857,G,0.0990783410138248
858,L,0.076036866359447
859,T,0.0414746543778801
860,V,0.0806451612903226
861,L,0.115975422427035
862,P,0.175115207373272
863,P,0.258064516129032
864,L,0.258064516129032
865,L,0.299539170506912
866,T,0.423963133640553
867,D,0.430875576036866
868,E,0.559907834101382
869,M,0.414746543778802
870,I,0.327188940092166
871,A,0.412442396313364
872,Q,0.460829493087558
873,Y,0.288018433179723
874,T,0.193548387096774
875,S,0.347926267281106
876,A,0.288018433179723
877,L,0.129032258064516
878,L,0.214285714285714
879,A,0.292626728110599
880,G,0.161290322580645
881,T,0.122119815668203
882,I,0.237327188940092
883,T,0.298771121351766
884,S,0.200460829493088
885,G,0.19815668202765
886,W,0.154377880184332
887,T,0.21889400921659
888,F,0.163594470046083
889,G,0.158986175115207
890,A,0.204301075268817
891,G,0.327188940092166
892,A,0.410138248847926
893,A,0.315668202764977
894,L,0.324884792626728
895,Q,0.370967741935484
896,I,0.331797235023041
897,P,0.403225806451613
898,F,0.373271889400922
899,A,0.380184331797235
900,M,0.345622119815668
901,Q,0.285714285714286
902,M,0.320276497695852
903,A,0.387096774193548
904,Y,0.440092165898617
905,R,0.366359447004608
906,F,0.435483870967742
907,N,0.569124423963134
908,G,0.493087557603687
909,I,0.428571428571429
910,G,0.571428571428571
911,V,0.518433179723502
912,T,0.566820276497696
913,Q,0.460829493087558
914,N,0.467741935483871
915,V,0.513824884792627
916,L,0.426267281105991
917,Y,0.398617511520737
918,E,0.532258064516129
919,N,0.569124423963134
920,Q,0.506912442396313
921,K,0.709677419354839
922,L,0.670506912442396
923,I,0.506912442396313
924,A,0.576036866359447
925,N,0.73963133640553
926,Q,0.596774193548387
927,F,0.486175115207373
928,N,0.631336405529954
929,S,0.688940092165899
930,A,0.532258064516129
931,I,0.488479262672811
932,G,0.661290322580645
933,K,0.608294930875576
934,I,0.398617511520737
935,Q,0.536866359447005
936,D,0.662826420890937
937,S,0.569124423963134
938,L,0.398617511520737
939,S,0.606758832565284
940,S,0.700460829493088
941,T,0.605990783410138
942,A,0.654377880184332
943,S,0.595238095238095
944,A,0.434715821812596
945,L,0.344854070660522
946,G,0.546082949308756
947,K,0.447004608294931
948,L,0.317972350230415
949,Q,0.440092165898617
950,D,0.483870967741935
951,V,0.354838709677419
952,V,0.351766513056836
953,N,0.486175115207373
954,Q,0.394009216589862
955,N,0.283410138248848
956,A,0.32258064516129
957,Q,0.398617511520737
958,A,0.278801843317972
959,L,0.221198156682028
960,N,0.311059907834101
961,T,0.327188940092166
962,L,0.205069124423963
963,V,0.232718894009217
964,K,0.329493087557604
965,Q,0.25115207373271897
966,L,0.21889400921659
967,S,0.368663594470046
968,S,0.306451612903226
969,N,0.377880184331797
970,F,0.269585253456221
971,G,0.354838709677419
972,A,0.338709677419355
973,I,0.518433179723502
974,S,0.481566820276498
975,S,0.34331797235023
976,V,0.407834101382488
977,L,0.230414746543779
978,N,0.407834101382488
979,D,0.511520737327189
980,I,0.403225806451613
981,L,0.43778801843318
982,S,0.557603686635945
983,R,0.624423963133641
984,L,0.599078341013825
985,D,0.661290322580645
986,K,0.585253456221198
987,V,0.670506912442396
988,E,0.63594470046083
989,A,0.467741935483871
990,E,0.414746543778802
991,V,0.486943164362519
992,Q,0.377880184331797
993,I,0.21889400921659
994,D,0.294930875576037
995,R,0.297235023041475
996,L,0.142857142857143
997,I,0.131336405529954
998,T,0.223502304147465
999,G,0.205069124423963
1000,R,0.124423963133641
1001,L,0.17741935483871
1002,Q,0.23963133640553
1003,S,0.193548387096774
1004,L,0.158986175115207
1005,Q,0.223502304147465
1006,T,0.241935483870968
1007,Y,0.202764976958525
1008,V,0.228110599078341
1009,T,0.25115207373271897
1010,Q,0.28110599078341
1011,Q,0.244239631336405
1012,L,0.258064516129032
1013,I,0.264976958525346
1014,R,0.262672811059908
1015,A,0.283410138248848
1016,A,0.248847926267281
1017,E,0.264976958525346
1018,I,0.248079877112135
1019,R,0.290322580645161
1020,A,0.274193548387097
1021,S,0.286482334869432
1022,A,0.297235023041475
1023,N,0.336405529953917
1024,L,0.235023041474654
1025,A,0.19815668202765
1026,A,0.271889400921659
1027,T,0.255760368663594
1028,K,0.154377880184332
1029,M,0.110599078341014
1030,S,0.170506912442396
1031,E,0.207373271889401
1032,C,0.101382488479263
1033,V,0.0299539170506912
1034,L,0.076036866359447
1035,G,0.145161290322581
1036,Q,0.26036866359447
1037,S,0.234254992319508
1038,K,0.347926267281106
1039,R,0.25115207373271897
1040,V,0.207373271889401
1041,D,0.186635944700461
1042,F,0.161290322580645
1043,C,0.135944700460829
1044,G,0.205069124423963
1045,K,0.324884792626728
1046,G,0.248847926267281
1047,Y,0.267281105990783
1048,H,0.21889400921659
1049,L,0.225806451612903
1050,M,0.145161290322581
1051,S,0.0737327188940092
1052,F,0.096774193548387
1053,P,0.0368663594470045
1054,Q,0.149769585253456
1055,S,0.205069124423963
1056,A,0.223502304147465
1057,P,0.30184331797235
1058,H,0.232718894009217
1059,G,0.195852534562212
1060,V,0.101382488479263
1061,V,0.129032258064516
1062,F,0.119815668202765
1063,L,0.15668202764977
1064,H,0.21889400921659
1065,V,0.216589861751152
1066,T,0.264976958525346
1067,Y,0.320276497695852
1068,V,0.391705069124424
1069,P,0.423963133640553
1070,A,0.605990783410138
1071,Q,0.725806451612903
1072,E,0.586021505376344
1073,K,0.688940092165899
1074,N,0.665898617511521
1075,F,0.54147465437788
1076,T,0.601382488479263
1077,T,0.421658986175115
1078,A,0.398617511520737
1079,P,0.317972350230415
1080,A,0.338709677419355
1081,I,0.403225806451613
1082,C,0.529953917050691
1083,H,0.602918586789554
1084,D,0.750384024577573
1085,G,0.703533026113671
1086,K,0.589861751152074
1087,A,0.45852534562212
1088,H,0.43778801843318
1089,F,0.400921658986175
1090,P,0.474654377880184
1091,R,0.610599078341014
1092,E,0.617511520737327
1093,G,0.534562211981567
1094,V,0.440092165898617
1095,F,0.414746543778802
1096,V,0.52073732718894
1097,S,0.613671274961597
1098,N,0.748847926267281
1099,G,0.804915514592934
1100,T,0.84331797235023
1101,H,0.771889400921659
1102,W,0.619815668202765
1103,F,0.640552995391705
1104,V,0.556835637480799
1105,T,0.580645161290323
1106,Q,0.58294930875576
1107,R,0.476958525345622
1108,N,0.463133640552995
1109,F,0.555299539170507
1110,Y,0.622119815668203
1111,E,0.668202764976959
1112,P,0.688940092165899
1113,Q,0.64900153609831
1114,I,0.758064516129032
1115,I,0.596774193548387
1116,T,0.69815668202765
1117,T,0.683563748079877
1118,D,0.697388632872504
1119,N,0.610599078341014
1120,T,0.527649769585253
1121,F,0.578341013824885
1122,V,0.559907834101382
1123,S,0.534562211981567
1124,G,0.58678955453149
1125,N,0.640552995391705
1126,C,0.56221198156682
1127,D,0.675115207373272
1128,V,0.569124423963134
1129,V,0.433179723502304
1130,I,0.534562211981567
1131,G,0.472350230414746
1132,I,0.41705069124424
1133,V,0.518433179723502
1134,N,0.646697388632873
1135,N,0.58294930875576
1136,T,0.732718894009217
1137,V,0.612903225806452
1138,Y,0.764976958525346
1139,D,0.771889400921659
1140,P,0.783410138248848
1141,L,0.811059907834101
1142,Q,0.86405529953917
1143,P,0.889400921658986
1144,E,0.847926267281106
1145,L,0.857142857142857
1146,D,0.905529953917051
1147,S,NA
1148,F,NA
1149,K,NA
1150,E,NA
1151,E,NA
1152,L,NA
1153,D,NA
1154,K,NA
1155,Y,NA
1156,F,NA
1157,K,NA
1158,N,NA
1159,H,NA
1160,T,NA
1161,S,NA
1162,P,NA
1163,D,NA
1164,V,NA
1165,D,NA
1166,L,NA
1167,G,NA
1168,D,NA
1169,I,NA
1170,S,NA
1171,G,NA
1172,I,NA
1173,N,NA
1174,A,NA
1175,S,NA
1176,V,NA
1177,V,NA
1178,N,NA
1179,I,NA
1180,Q,NA
1181,K,NA
1182,E,NA
1183,I,NA
1184,D,NA
1185,R,NA
1186,L,NA
1187,N,NA
1188,E,NA
1189,V,NA
1190,A,NA
1191,K,NA
1192,N,NA
1193,L,NA
1194,N,NA
1195,E,NA
1196,S,NA
1197,L,NA
1198,I,NA
1199,D,NA
1200,L,NA
1201,Q,NA
1202,E,NA
1203,L,NA
1204,G,NA
1205,K,NA
1206,Y,NA
1207,E,NA
1208,Q,NA
1209,Y,NA
1210,I,NA
1211,K,NA
1212,W,NA
1213,P,NA
1214,W,NA
1215,Y,NA
1216,I,NA
1217,W,NA
1218,L,NA
1219,G,NA
1220,F,NA
1221,I,NA
1222,A,NA
1223,G,NA
1224,L,NA
1225,I,NA
1226,A,NA
1227,I,NA
1228,V,NA
1229,M,NA
1230,V,NA
1231,T,NA
1232,I,NA
1233,M,NA
1234,L,NA
1235,C,NA
1236,C,NA
1237,M,NA
1238,T,NA
1239,S,NA
1240,C,NA
1241,C,NA
1242,S,NA
1243,C,NA
1244,L,NA
1245,K,NA
1246,G,NA
1247,C,NA
1248,C,NA
1249,S,NA
1250,C,NA
1251,G,NA
1252,S,NA
1253,C,NA
1254,C,NA
1255,K,NA
1256,F,NA
1257,D,NA
1258,E,NA
1259,D,NA
1260,D,NA
1261,S,NA
1262,E,NA
1263,P,NA
1264,V,NA
1265,L,NA
1266,K,NA
1267,G,NA
1268,V,NA
1269,K,NA
1270,L,NA
1271,H,NA
1272,Y,NA
1273,T,NA
